id,graph,budget,agent,policy,transmission_rate,transmission_known,compliance_rate,compliance_known,discovery_rate,snitch_rate,from_cache,trial_id,seed
0,montgomery,750,Random,A,0.05,True,-1.0,True,1.0,1.0,mb20.json,0,15795
1,montgomery,750,Random,A,0.05,True,-1.0,True,1.0,1.0,mo27.json,0,860
2,montgomery,750,Random,A,0.05,True,-1.0,True,1.0,1.0,mg12.json,0,76820
3,montgomery,750,Random,A,0.05,True,-1.0,True,1.0,1.0,ma14.json,0,54886
4,montgomery,750,Random,A,0.05,True,-1.0,True,1.0,1.0,md15.json,0,6265
5,montgomery,750,Random,A,0.05,True,-1.0,True,1.0,1.0,mm28.json,0,82386
6,montgomery,750,Random,A,0.05,True,-1.0,True,1.0,1.0,me17.json,0,37194
7,montgomery,750,Random,A,0.05,True,-1.0,True,1.0,1.0,mp7.json,0,87498
8,montgomery,750,Random,A,0.05,True,-1.0,True,1.0,1.0,mp16.json,0,44131
9,montgomery,750,Random,A,0.05,True,-1.0,True,1.0,1.0,mk28.json,0,60263
10,montgomery,750,Random,A,0.05,True,-1.0,True,1.0,1.0,mn21.json,0,16023
11,montgomery,750,Random,A,0.05,True,-1.0,True,1.0,1.0,mm13.json,0,41090
12,montgomery,750,Random,A,0.05,True,-1.0,True,1.0,1.0,mc15.json,0,67221
13,montgomery,750,Random,A,0.05,True,-1.0,True,1.0,1.0,mi25.json,0,64820
14,montgomery,750,Random,A,0.05,True,-1.0,True,1.0,1.0,mk18.json,0,769
15,montgomery,750,Random,A,0.05,True,-1.0,True,1.0,1.0,mg24.json,0,59735
16,montgomery,750,Random,A,0.05,True,-1.0,True,1.0,1.0,mf30.json,0,62955
17,montgomery,750,Random,A,0.05,True,-1.0,True,1.0,1.0,mk27.json,0,64925
18,montgomery,750,Random,A,0.05,True,-1.0,True,1.0,1.0,mh17.json,0,67969
19,montgomery,750,Random,A,0.05,True,-1.0,True,1.0,1.0,mj21.json,0,5311
20,montgomery,750,Random,A,0.05,True,-1.0,True,1.0,1.0,md20.json,0,83104
21,montgomery,750,Random,A,0.05,True,-1.0,True,1.0,1.0,mo32.json,0,53707
22,montgomery,750,Random,A,0.05,True,-1.0,True,1.0,1.0,mp34.json,0,85305
23,montgomery,750,Random,A,0.05,True,-1.0,True,1.0,1.0,mp14.json,0,28693
24,montgomery,750,Random,A,0.05,True,-1.0,True,1.0,1.0,mb28.json,0,71932
25,montgomery,750,Random,A,0.05,True,-1.0,True,1.0,1.0,mh16.json,0,93016
26,montgomery,750,Random,A,0.05,True,-1.0,True,1.0,1.0,mn25.json,0,25658
27,montgomery,750,Random,A,0.05,True,-1.0,True,1.0,1.0,mh32.json,0,84478
28,montgomery,750,Random,A,0.05,True,-1.0,True,1.0,1.0,mb33.json,0,18431
29,montgomery,750,Random,A,0.05,True,-1.0,True,1.0,1.0,mo20.json,0,2747
30,montgomery,750,Random,A,0.05,True,-1.0,True,1.0,1.0,mk29.json,0,59150
31,montgomery,750,Random,A,0.05,True,-1.0,True,1.0,1.0,mk23.json,0,65725
32,montgomery,750,Random,A,0.05,True,-1.0,True,1.0,1.0,mg19.json,0,84654
33,montgomery,750,Random,A,0.05,True,-1.0,True,1.0,1.0,mk17.json,0,35773
34,montgomery,750,Random,A,0.05,True,-1.0,True,1.0,1.0,mp22.json,0,67435
35,montgomery,750,Random,A,0.05,True,-1.0,True,1.0,1.0,ma24.json,0,56886
36,montgomery,750,Random,A,0.05,True,-1.0,True,1.0,1.0,ma10.json,0,66803
37,montgomery,750,Random,A,0.05,True,-1.0,True,1.0,1.0,mm34.json,0,31551
38,montgomery,750,Random,A,0.05,True,-1.0,True,1.0,1.0,mp30.json,0,11394
39,montgomery,750,Random,A,0.05,True,-1.0,True,1.0,1.0,mj27.json,0,69092
40,montgomery,750,Random,A,0.05,True,-1.0,True,1.0,1.0,ma12.json,0,3890
41,montgomery,750,Random,A,0.05,True,-1.0,True,1.0,1.0,md22.json,0,41606
42,montgomery,750,Random,A,0.05,True,-1.0,True,1.0,1.0,ml9.json,0,96276
43,montgomery,750,Random,A,0.05,True,-1.0,True,1.0,1.0,md23.json,0,80038
44,montgomery,750,Random,A,0.05,True,-1.0,True,1.0,1.0,mp33.json,0,87313
45,montgomery,750,Random,A,0.05,True,-1.0,True,1.0,1.0,mb32.json,0,10627
46,montgomery,750,Random,A,0.05,True,-1.0,True,1.0,1.0,ml18.json,0,8792
47,montgomery,750,Random,A,0.05,True,-1.0,True,1.0,1.0,ma22.json,0,73969
48,montgomery,750,Random,A,0.05,True,-1.0,True,1.0,1.0,mg34.json,0,43001
49,montgomery,750,Random,A,0.05,True,-1.0,True,1.0,1.0,mn19.json,0,76552
50,montgomery,750,Random,A,0.05,True,-1.0,True,1.0,1.0,mi5.json,0,23897
51,montgomery,750,Random,A,0.05,True,-1.0,True,1.0,1.0,mp5.json,0,68148
52,montgomery,750,Random,A,0.05,True,-1.0,True,1.0,1.0,mh7.json,0,23483
53,montgomery,750,Random,A,0.05,True,-1.0,True,1.0,1.0,mh9.json,0,48555
54,montgomery,750,Random,A,0.05,True,-1.0,True,1.0,1.0,mf23.json,0,17159
55,montgomery,750,Random,A,0.05,True,-1.0,True,1.0,1.0,mm18.json,0,80077
56,montgomery,750,Random,A,0.05,True,-1.0,True,1.0,1.0,mp31.json,0,35920
57,montgomery,750,Random,A,0.05,True,-1.0,True,1.0,1.0,mo35.json,0,92067
58,montgomery,750,Random,A,0.05,True,-1.0,True,1.0,1.0,mp10.json,0,67121
59,montgomery,750,Random,A,0.05,True,-1.0,True,1.0,1.0,mo29.json,0,69479
60,montgomery,750,Random,A,0.05,True,-1.0,True,1.0,1.0,mo14.json,0,89475
61,montgomery,750,Random,A,0.05,True,-1.0,True,1.0,1.0,ma7.json,0,19457
62,montgomery,750,Random,A,0.05,True,-1.0,True,1.0,1.0,mk26.json,0,66557
63,montgomery,750,Random,A,0.05,True,-1.0,True,1.0,1.0,md18.json,0,77189
64,montgomery,750,Random,A,0.05,True,-1.0,True,1.0,1.0,mo34.json,0,78953
65,montgomery,750,Random,A,0.05,True,-1.0,True,1.0,1.0,ml25.json,0,52995
66,montgomery,750,Random,A,0.05,True,-1.0,True,1.0,1.0,mc21.json,0,40757
67,montgomery,750,Random,A,0.05,True,-1.0,True,1.0,1.0,mb6.json,0,9692
68,montgomery,750,Random,A,0.05,True,-1.0,True,1.0,1.0,mm7.json,0,45758
69,montgomery,750,Random,A,0.05,True,-1.0,True,1.0,1.0,mj33.json,0,72409
70,montgomery,750,Random,A,0.05,True,-1.0,True,1.0,1.0,mn35.json,0,71211
71,montgomery,750,Random,A,0.05,True,-1.0,True,1.0,1.0,mk33.json,0,65697
72,montgomery,750,Random,A,0.05,True,-1.0,True,1.0,1.0,mp24.json,0,37065
73,montgomery,750,Random,A,0.05,True,-1.0,True,1.0,1.0,mp26.json,0,92093
74,montgomery,750,Random,A,0.05,True,-1.0,True,1.0,1.0,mo19.json,0,99299
75,montgomery,750,Random,A,0.05,True,-1.0,True,1.0,1.0,mh28.json,0,32606
76,montgomery,750,Random,A,0.05,True,-1.0,True,1.0,1.0,mg32.json,0,11534
77,montgomery,750,Random,A,0.05,True,-1.0,True,1.0,1.0,mg33.json,0,94663
78,montgomery,750,Random,A,0.05,True,-1.0,True,1.0,1.0,md34.json,0,40397
79,montgomery,750,Random,A,0.05,True,-1.0,True,1.0,1.0,mf17.json,0,91387
80,montgomery,750,Random,A,0.05,True,-1.0,True,1.0,1.0,mf14.json,0,1016
81,montgomery,750,Random,A,0.05,True,-1.0,True,1.0,1.0,mc28.json,0,89789
82,montgomery,750,Random,A,0.05,True,-1.0,True,1.0,1.0,md35.json,0,55591
83,montgomery,750,Random,A,0.05,True,-1.0,True,1.0,1.0,mh8.json,0,89812
84,montgomery,750,Random,A,0.05,True,-1.0,True,1.0,1.0,mn10.json,0,23247
85,montgomery,750,Random,A,0.05,True,-1.0,True,1.0,1.0,mf12.json,0,24300
86,montgomery,750,Random,A,0.05,True,-1.0,True,1.0,1.0,mh26.json,0,74065
87,montgomery,750,Random,A,0.05,True,-1.0,True,1.0,1.0,me15.json,0,82798
88,montgomery,750,Random,A,0.05,True,-1.0,True,1.0,1.0,mf35.json,0,9268
89,montgomery,750,Random,A,0.05,True,-1.0,True,1.0,1.0,mj30.json,0,86807
90,montgomery,750,Random,A,0.05,True,-1.0,True,1.0,1.0,mc33.json,0,12185
91,montgomery,750,Random,A,0.05,True,-1.0,True,1.0,1.0,md19.json,0,63704
92,montgomery,750,Random,A,0.05,True,-1.0,True,1.0,1.0,mc13.json,0,86779
93,montgomery,750,Random,A,0.05,True,-1.0,True,1.0,1.0,ml28.json,0,39099
94,montgomery,750,Random,A,0.05,True,-1.0,True,1.0,1.0,ma18.json,0,8571
95,montgomery,750,Random,A,0.05,True,-1.0,True,1.0,1.0,mi32.json,0,38044
96,montgomery,750,Random,A,0.05,True,-1.0,True,1.0,1.0,ma29.json,0,51214
97,montgomery,750,Random,A,0.05,True,-1.0,True,1.0,1.0,mh19.json,0,61228
98,montgomery,750,Random,A,0.05,True,-1.0,True,1.0,1.0,mg7.json,0,48984
99,montgomery,750,Random,A,0.05,True,-1.0,True,1.0,1.0,mh20.json,0,40774
100,montgomery,750,Random,A,0.05,True,-1.0,True,1.0,1.0,md30.json,0,2568
101,montgomery,750,Random,A,0.05,True,-1.0,True,1.0,1.0,ml30.json,0,62592
102,montgomery,750,Random,A,0.05,True,-1.0,True,1.0,1.0,me14.json,0,67563
103,montgomery,750,Random,A,0.05,True,-1.0,True,1.0,1.0,mi20.json,0,2695
104,montgomery,750,Random,A,0.05,True,-1.0,True,1.0,1.0,mn20.json,0,48190
105,montgomery,750,Random,A,0.05,True,-1.0,True,1.0,1.0,md6.json,0,5258
106,montgomery,750,Random,A,0.05,True,-1.0,True,1.0,1.0,mn32.json,0,87538
107,montgomery,750,Random,A,0.05,True,-1.0,True,1.0,1.0,mm26.json,0,39504
108,montgomery,750,Random,A,0.05,True,-1.0,True,1.0,1.0,mn6.json,0,33159
109,montgomery,750,Random,A,0.05,True,-1.0,True,1.0,1.0,ma5.json,0,13986
110,montgomery,750,Random,A,0.05,True,-1.0,True,1.0,1.0,mk13.json,0,61858
111,montgomery,750,Random,A,0.05,True,-1.0,True,1.0,1.0,mp28.json,0,12666
112,montgomery,750,Random,A,0.05,True,-1.0,True,1.0,1.0,mn7.json,0,38660
113,montgomery,750,Random,A,0.05,True,-1.0,True,1.0,1.0,me7.json,0,3561
114,montgomery,750,Random,A,0.05,True,-1.0,True,1.0,1.0,mm22.json,0,26854
115,montgomery,750,Random,A,0.05,True,-1.0,True,1.0,1.0,mf33.json,0,64505
116,montgomery,750,Random,A,0.05,True,-1.0,True,1.0,1.0,mk9.json,0,52251
117,montgomery,750,Random,A,0.05,True,-1.0,True,1.0,1.0,mc18.json,0,22662
118,montgomery,750,Random,A,0.05,True,-1.0,True,1.0,1.0,mj15.json,0,8392
119,montgomery,750,Random,A,0.05,True,-1.0,True,1.0,1.0,mg10.json,0,30535
120,montgomery,750,Random,A,0.05,True,-1.0,True,1.0,1.0,mf7.json,0,78603
121,montgomery,750,Random,A,0.05,True,-1.0,True,1.0,1.0,mf8.json,0,52256
122,montgomery,750,Random,A,0.05,True,-1.0,True,1.0,1.0,me34.json,0,89135
123,montgomery,750,Random,A,0.05,True,-1.0,True,1.0,1.0,mm19.json,0,35222
124,montgomery,750,Random,A,0.05,True,-1.0,True,1.0,1.0,ma11.json,0,77373
125,montgomery,750,Random,A,0.05,True,-1.0,True,1.0,1.0,me12.json,0,79575
126,montgomery,750,Random,A,0.05,True,-1.0,True,1.0,1.0,mf34.json,0,96354
127,montgomery,750,Random,A,0.05,True,-1.0,True,1.0,1.0,mj20.json,0,84651
128,montgomery,750,Random,A,0.05,True,-1.0,True,1.0,1.0,md29.json,0,63335
129,montgomery,750,Random,A,0.05,True,-1.0,True,1.0,1.0,mj13.json,0,10965
130,montgomery,750,Random,A,0.05,True,-1.0,True,1.0,1.0,ma28.json,0,24538
131,montgomery,750,Random,A,0.05,True,-1.0,True,1.0,1.0,ml22.json,0,70592
132,montgomery,750,Random,A,0.05,True,-1.0,True,1.0,1.0,md10.json,0,98018
133,montgomery,750,Random,A,0.05,True,-1.0,True,1.0,1.0,mc26.json,0,8110
134,montgomery,750,Random,A,0.05,True,-1.0,True,1.0,1.0,mp8.json,0,79309
135,montgomery,750,Random,A,0.05,True,-1.0,True,1.0,1.0,mm16.json,0,27266
136,montgomery,750,Random,A,0.05,True,-1.0,True,1.0,1.0,mn11.json,0,52992
137,montgomery,750,Random,A,0.05,True,-1.0,True,1.0,1.0,mf24.json,0,82948
138,montgomery,750,Random,A,0.05,True,-1.0,True,1.0,1.0,me5.json,0,98806
139,montgomery,750,Random,A,0.05,True,-1.0,True,1.0,1.0,ml20.json,0,6910
140,montgomery,750,Random,A,0.05,True,-1.0,True,1.0,1.0,mo26.json,0,90982
141,montgomery,750,Random,A,0.05,True,-1.0,True,1.0,1.0,mo25.json,0,206
142,montgomery,750,Random,A,0.05,True,-1.0,True,1.0,1.0,ma9.json,0,87054
143,montgomery,750,Random,A,0.05,True,-1.0,True,1.0,1.0,mb5.json,0,87897
144,montgomery,750,Random,A,0.05,True,-1.0,True,1.0,1.0,ml33.json,0,23419
145,montgomery,750,Random,A,0.05,True,-1.0,True,1.0,1.0,mc12.json,0,50636
146,montgomery,750,Random,A,0.05,True,-1.0,True,1.0,1.0,mf6.json,0,50015
147,montgomery,750,Random,A,0.05,True,-1.0,True,1.0,1.0,mo11.json,0,54268
148,montgomery,750,Random,A,0.05,True,-1.0,True,1.0,1.0,mk22.json,0,87939
149,montgomery,750,Random,A,0.05,True,-1.0,True,1.0,1.0,ml10.json,0,18141
150,montgomery,750,Random,A,0.05,True,-1.0,True,1.0,1.0,mh10.json,0,80356
151,montgomery,750,Random,A,0.05,True,-1.0,True,1.0,1.0,me8.json,0,71910
152,montgomery,750,Random,A,0.05,True,-1.0,True,1.0,1.0,mo9.json,0,56044
153,montgomery,750,Random,A,0.05,True,-1.0,True,1.0,1.0,md25.json,0,67214
154,montgomery,750,Random,A,0.05,True,-1.0,True,1.0,1.0,mp23.json,0,33827
155,montgomery,750,Random,A,0.05,True,-1.0,True,1.0,1.0,mj34.json,0,55820
156,montgomery,750,Random,A,0.05,True,-1.0,True,1.0,1.0,mm12.json,0,62623
157,montgomery,750,Random,A,0.05,True,-1.0,True,1.0,1.0,mo21.json,0,81734
158,montgomery,750,Random,A,0.05,True,-1.0,True,1.0,1.0,mb11.json,0,75450
159,montgomery,750,Random,A,0.05,True,-1.0,True,1.0,1.0,ml35.json,0,93426
160,montgomery,750,Random,A,0.05,True,-1.0,True,1.0,1.0,ma17.json,0,22299
161,montgomery,750,Random,A,0.05,True,-1.0,True,1.0,1.0,mk8.json,0,43585
162,montgomery,750,Random,A,0.05,True,-1.0,True,1.0,1.0,mk19.json,0,64044
163,montgomery,750,Random,A,0.05,True,-1.0,True,1.0,1.0,mn16.json,0,42557
164,montgomery,750,Random,A,0.05,True,-1.0,True,1.0,1.0,mp25.json,0,49080
165,montgomery,750,Random,A,0.05,True,-1.0,True,1.0,1.0,ma26.json,0,2693
166,montgomery,750,Random,A,0.05,True,-1.0,True,1.0,1.0,mn5.json,0,95003
167,montgomery,750,Random,A,0.05,True,-1.0,True,1.0,1.0,ml23.json,0,95259
168,montgomery,750,Random,A,0.05,True,-1.0,True,1.0,1.0,mj18.json,0,69163
169,montgomery,750,Random,A,0.05,True,-1.0,True,1.0,1.0,mj16.json,0,25939
170,montgomery,750,Random,A,0.05,True,-1.0,True,1.0,1.0,md28.json,0,48925
171,montgomery,750,Random,A,0.05,True,-1.0,True,1.0,1.0,mn28.json,0,42941
172,montgomery,750,Random,A,0.05,True,-1.0,True,1.0,1.0,me11.json,0,21834
173,montgomery,750,Random,A,0.05,True,-1.0,True,1.0,1.0,mi18.json,0,18047
174,montgomery,750,Random,A,0.05,True,-1.0,True,1.0,1.0,mf22.json,0,26105
175,montgomery,750,Random,A,0.05,True,-1.0,True,1.0,1.0,ma13.json,0,75766
176,montgomery,750,Random,A,0.05,True,-1.0,True,1.0,1.0,mj24.json,0,15707
177,montgomery,750,Random,A,0.05,True,-1.0,True,1.0,1.0,mb9.json,0,21976
178,montgomery,750,Random,A,0.05,True,-1.0,True,1.0,1.0,mo33.json,0,44262
179,montgomery,750,Random,A,0.05,True,-1.0,True,1.0,1.0,mj31.json,0,23776
180,montgomery,750,Random,A,0.05,True,-1.0,True,1.0,1.0,mi24.json,0,30080
181,montgomery,750,Random,A,0.05,True,-1.0,True,1.0,1.0,mn15.json,0,66842
182,montgomery,750,Random,A,0.05,True,-1.0,True,1.0,1.0,ma8.json,0,61373
183,montgomery,750,Random,A,0.05,True,-1.0,True,1.0,1.0,mn18.json,0,6776
184,montgomery,750,Random,A,0.05,True,-1.0,True,1.0,1.0,mi30.json,0,92787
185,montgomery,750,Random,A,0.05,True,-1.0,True,1.0,1.0,ma32.json,0,55016
186,montgomery,750,Random,A,0.05,True,-1.0,True,1.0,1.0,mh12.json,0,9474
187,montgomery,750,Random,A,0.05,True,-1.0,True,1.0,1.0,mg30.json,0,58053
188,montgomery,750,Random,A,0.05,True,-1.0,True,1.0,1.0,md7.json,0,21959
189,montgomery,750,Random,A,0.05,True,-1.0,True,1.0,1.0,md9.json,0,5530
190,montgomery,750,Random,A,0.05,True,-1.0,True,1.0,1.0,mn13.json,0,94856
191,montgomery,750,Random,A,0.05,True,-1.0,True,1.0,1.0,ma33.json,0,3748
192,montgomery,750,Random,A,0.05,True,-1.0,True,1.0,1.0,mc20.json,0,97504
193,montgomery,750,Random,A,0.05,True,-1.0,True,1.0,1.0,me25.json,0,98098
194,montgomery,750,Random,A,0.05,True,-1.0,True,1.0,1.0,md31.json,0,13545
195,montgomery,750,Random,A,0.05,True,-1.0,True,1.0,1.0,mm24.json,0,66199
196,montgomery,750,Random,A,0.05,True,-1.0,True,1.0,1.0,me23.json,0,34766
197,montgomery,750,Random,A,0.05,True,-1.0,True,1.0,1.0,mp13.json,0,73530
198,montgomery,750,Random,A,0.05,True,-1.0,True,1.0,1.0,mh29.json,0,93557
199,montgomery,750,Random,A,0.05,True,-1.0,True,1.0,1.0,mp18.json,0,61087
200,montgomery,750,Random,A,0.05,True,-1.0,True,1.0,1.0,mm17.json,0,95839
201,montgomery,750,Random,A,0.05,True,-1.0,True,1.0,1.0,mf21.json,0,68840
202,montgomery,750,Random,A,0.05,True,-1.0,True,1.0,1.0,md17.json,0,54384
203,montgomery,750,Random,A,0.05,True,-1.0,True,1.0,1.0,md24.json,0,51005
204,montgomery,750,Random,A,0.05,True,-1.0,True,1.0,1.0,mk5.json,0,46576
205,montgomery,750,Random,A,0.05,True,-1.0,True,1.0,1.0,mj9.json,0,39353
206,montgomery,750,Random,A,0.05,True,-1.0,True,1.0,1.0,mb30.json,0,62003
207,montgomery,750,Random,A,0.05,True,-1.0,True,1.0,1.0,mp19.json,0,83211
208,montgomery,750,Random,A,0.05,True,-1.0,True,1.0,1.0,mh33.json,0,52733
209,montgomery,750,Random,A,0.05,True,-1.0,True,1.0,1.0,mp11.json,0,65318
210,montgomery,750,Random,A,0.05,True,-1.0,True,1.0,1.0,mk25.json,0,89474
211,montgomery,750,Random,A,0.05,True,-1.0,True,1.0,1.0,mh22.json,0,23664
212,montgomery,750,Random,A,0.05,True,-1.0,True,1.0,1.0,md5.json,0,67172
213,montgomery,750,Random,A,0.05,True,-1.0,True,1.0,1.0,mm23.json,0,85616
214,montgomery,750,Random,A,0.05,True,-1.0,True,1.0,1.0,mo30.json,0,93264
215,montgomery,750,Random,A,0.05,True,-1.0,True,1.0,1.0,mm9.json,0,26736
216,montgomery,750,Random,A,0.05,True,-1.0,True,1.0,1.0,mf11.json,0,94209
217,montgomery,750,Random,A,0.05,True,-1.0,True,1.0,1.0,mn30.json,0,854
218,montgomery,750,Random,A,0.05,True,-1.0,True,1.0,1.0,mi22.json,0,90084
219,montgomery,750,Random,A,0.05,True,-1.0,True,1.0,1.0,mh5.json,0,38623
220,montgomery,750,Random,A,0.05,True,-1.0,True,1.0,1.0,mo6.json,0,7392
221,montgomery,750,Random,A,0.05,True,-1.0,True,1.0,1.0,mh30.json,0,55680
222,montgomery,750,Random,A,0.05,True,-1.0,True,1.0,1.0,ma27.json,0,46717
223,montgomery,750,Random,A,0.05,True,-1.0,True,1.0,1.0,md27.json,0,87092
224,montgomery,750,Random,A,0.05,True,-1.0,True,1.0,1.0,mb19.json,0,50859
225,montgomery,750,Random,A,0.05,True,-1.0,True,1.0,1.0,ml26.json,0,26309
226,montgomery,750,Random,A,0.05,True,-1.0,True,1.0,1.0,ml17.json,0,87455
227,montgomery,750,Random,A,0.05,True,-1.0,True,1.0,1.0,ma35.json,0,63734
228,montgomery,750,Random,A,0.05,True,-1.0,True,1.0,1.0,mg18.json,0,70467
229,montgomery,750,Random,A,0.05,True,-1.0,True,1.0,1.0,mj8.json,0,52662
230,montgomery,750,Random,A,0.05,True,-1.0,True,1.0,1.0,mm27.json,0,98506
231,montgomery,750,Random,A,0.05,True,-1.0,True,1.0,1.0,ml8.json,0,12688
232,montgomery,750,Random,A,0.05,True,-1.0,True,1.0,1.0,mn34.json,0,25342
233,montgomery,750,Random,A,0.05,True,-1.0,True,1.0,1.0,md21.json,0,37157
234,montgomery,750,Random,A,0.05,True,-1.0,True,1.0,1.0,mi11.json,0,67863
235,montgomery,750,Random,A,0.05,True,-1.0,True,1.0,1.0,mh18.json,0,52083
236,montgomery,750,Random,A,0.05,True,-1.0,True,1.0,1.0,mg13.json,0,65733
237,montgomery,750,Random,A,0.05,True,-1.0,True,1.0,1.0,ma23.json,0,89045
238,montgomery,750,Random,A,0.05,True,-1.0,True,1.0,1.0,me18.json,0,34698
239,montgomery,750,Random,A,0.05,True,-1.0,True,1.0,1.0,mo28.json,0,80623
240,montgomery,750,Random,A,0.05,True,-1.0,True,1.0,1.0,ml31.json,0,22671
241,montgomery,750,Random,A,0.05,True,-1.0,True,1.0,1.0,mk30.json,0,25184
242,montgomery,750,Random,A,0.05,True,-1.0,True,1.0,1.0,mn31.json,0,93384
243,montgomery,750,Random,A,0.05,True,-1.0,True,1.0,1.0,mk24.json,0,42107
244,montgomery,750,Random,A,0.05,True,-1.0,True,1.0,1.0,mp21.json,0,86202
245,montgomery,750,Random,A,0.05,True,-1.0,True,1.0,1.0,mg17.json,0,51663
246,montgomery,750,Random,A,0.05,True,-1.0,True,1.0,1.0,mm25.json,0,15708
247,montgomery,750,Random,A,0.05,True,-1.0,True,1.0,1.0,mn22.json,0,91906
248,montgomery,750,Random,A,0.05,True,-1.0,True,1.0,1.0,mm29.json,0,49811
249,montgomery,750,Random,A,0.05,True,-1.0,True,1.0,1.0,mb13.json,0,2811
250,montgomery,750,Random,A,0.05,True,-1.0,True,1.0,1.0,mh25.json,0,56250
251,montgomery,750,Random,A,0.05,True,-1.0,True,1.0,1.0,ml19.json,0,72082
252,montgomery,750,Random,A,0.05,True,-1.0,True,1.0,1.0,mk11.json,0,34754
253,montgomery,750,Random,A,0.05,True,-1.0,True,1.0,1.0,mn33.json,0,95742
254,montgomery,750,Random,A,0.05,True,-1.0,True,1.0,1.0,mg8.json,0,11411
255,montgomery,750,Random,A,0.05,True,-1.0,True,1.0,1.0,mi12.json,0,2911
256,montgomery,750,Random,A,0.05,True,-1.0,True,1.0,1.0,ma25.json,0,67270
257,montgomery,750,Random,A,0.05,True,-1.0,True,1.0,1.0,mi8.json,0,83763
258,montgomery,750,Random,A,0.05,True,-1.0,True,1.0,1.0,mb10.json,0,8680
259,montgomery,750,Random,A,0.05,True,-1.0,True,1.0,1.0,mk20.json,0,84896
260,montgomery,750,Random,A,0.05,True,-1.0,True,1.0,1.0,mi13.json,0,83879
261,montgomery,750,Random,A,0.05,True,-1.0,True,1.0,1.0,me28.json,0,71295
262,montgomery,750,Random,A,0.05,True,-1.0,True,1.0,1.0,mf25.json,0,88614
263,montgomery,750,Random,A,0.05,True,-1.0,True,1.0,1.0,me27.json,0,11111
264,montgomery,750,Random,A,0.05,True,-1.0,True,1.0,1.0,mn14.json,0,37504
265,montgomery,750,Random,A,0.05,True,-1.0,True,1.0,1.0,mn8.json,0,1802
266,montgomery,750,Random,A,0.05,True,-1.0,True,1.0,1.0,md26.json,0,8155
267,montgomery,750,Random,A,0.05,True,-1.0,True,1.0,1.0,mj29.json,0,73656
268,montgomery,750,Random,A,0.05,True,-1.0,True,1.0,1.0,ma21.json,0,39384
269,montgomery,750,Random,A,0.05,True,-1.0,True,1.0,1.0,mk16.json,0,47254
270,montgomery,750,Random,A,0.05,True,-1.0,True,1.0,1.0,mj17.json,0,21918
271,montgomery,750,Random,A,0.05,True,-1.0,True,1.0,1.0,mo10.json,0,85981
272,montgomery,750,Random,A,0.05,True,-1.0,True,1.0,1.0,mm20.json,0,60713
273,montgomery,750,Random,A,0.05,True,-1.0,True,1.0,1.0,mi16.json,0,30306
274,montgomery,750,Random,A,0.05,True,-1.0,True,1.0,1.0,mc25.json,0,16646
275,montgomery,750,Random,A,0.05,True,-1.0,True,1.0,1.0,mm11.json,0,46843
276,montgomery,750,Random,A,0.05,True,-1.0,True,1.0,1.0,mg15.json,0,96601
277,montgomery,750,Random,A,0.05,True,-1.0,True,1.0,1.0,mg27.json,0,90735
278,montgomery,750,Random,A,0.05,True,-1.0,True,1.0,1.0,mf32.json,0,16371
279,montgomery,750,Random,A,0.05,True,-1.0,True,1.0,1.0,mg26.json,0,77371
280,montgomery,750,Random,A,0.05,True,-1.0,True,1.0,1.0,mn23.json,0,2049
281,montgomery,750,Random,A,0.05,True,-1.0,True,1.0,1.0,mf26.json,0,31616
282,montgomery,750,Random,A,0.05,True,-1.0,True,1.0,1.0,mb12.json,0,20932
283,montgomery,750,Random,A,0.05,True,-1.0,True,1.0,1.0,mh6.json,0,29855
284,montgomery,750,Random,A,0.05,True,-1.0,True,1.0,1.0,mo12.json,0,61434
285,montgomery,750,Random,A,0.05,True,-1.0,True,1.0,1.0,mo7.json,0,72694
286,montgomery,750,Random,A,0.05,True,-1.0,True,1.0,1.0,ml24.json,0,43016
287,montgomery,750,Random,A,0.05,True,-1.0,True,1.0,1.0,mj35.json,0,7400
288,montgomery,750,Random,A,0.05,True,-1.0,True,1.0,1.0,mb23.json,0,42642
289,montgomery,750,Random,A,0.05,True,-1.0,True,1.0,1.0,mi29.json,0,15151
290,montgomery,750,Random,A,0.05,True,-1.0,True,1.0,1.0,mi21.json,0,51407
291,montgomery,750,Random,A,0.05,True,-1.0,True,1.0,1.0,mg23.json,0,66690
292,montgomery,750,Random,A,0.05,True,-1.0,True,1.0,1.0,mn24.json,0,4499
293,montgomery,750,Random,A,0.05,True,-1.0,True,1.0,1.0,mf27.json,0,6295
294,montgomery,750,Random,A,0.05,True,-1.0,True,1.0,1.0,mb15.json,0,59040
295,montgomery,750,Random,A,0.05,True,-1.0,True,1.0,1.0,mc8.json,0,12183
296,montgomery,750,Random,A,0.05,True,-1.0,True,1.0,1.0,md14.json,0,29299
297,montgomery,750,Random,A,0.05,True,-1.0,True,1.0,1.0,mb24.json,0,12874
298,montgomery,750,Random,A,0.05,True,-1.0,True,1.0,1.0,ml15.json,0,32711
299,montgomery,750,Random,A,0.05,True,-1.0,True,1.0,1.0,mg6.json,0,5539
300,montgomery,750,Random,A,0.05,True,-1.0,True,1.0,1.0,mj5.json,0,53351
301,montgomery,750,Random,A,0.05,True,-1.0,True,1.0,1.0,mi6.json,0,61267
302,montgomery,750,Random,A,0.05,True,-1.0,True,1.0,1.0,mj11.json,0,48354
303,montgomery,750,Random,A,0.05,True,-1.0,True,1.0,1.0,me29.json,0,2557
304,montgomery,750,Random,A,0.05,True,-1.0,True,1.0,1.0,mp15.json,0,38360
305,montgomery,750,Random,A,0.05,True,-1.0,True,1.0,1.0,mp32.json,0,82018
306,montgomery,750,Random,A,0.05,True,-1.0,True,1.0,1.0,mk21.json,0,2200
307,montgomery,750,Random,A,0.05,True,-1.0,True,1.0,1.0,mf18.json,0,68497
308,montgomery,750,Random,A,0.05,True,-1.0,True,1.0,1.0,mj25.json,0,46975
309,montgomery,750,Random,A,0.05,True,-1.0,True,1.0,1.0,me16.json,0,21357
310,montgomery,750,Random,A,0.05,True,-1.0,True,1.0,1.0,mm21.json,0,77505
311,montgomery,750,Random,A,0.05,True,-1.0,True,1.0,1.0,mp35.json,0,2869
312,montgomery,750,Random,A,0.05,True,-1.0,True,1.0,1.0,mo15.json,0,61135
313,montgomery,750,Random,A,0.05,True,-1.0,True,1.0,1.0,mc19.json,0,50108
314,montgomery,750,Random,A,0.05,True,-1.0,True,1.0,1.0,mn17.json,0,94179
315,montgomery,750,Random,A,0.05,True,-1.0,True,1.0,1.0,mi10.json,0,90272
316,montgomery,750,Random,A,0.05,True,-1.0,True,1.0,1.0,mh11.json,0,38467
317,montgomery,750,Random,A,0.05,True,-1.0,True,1.0,1.0,mm10.json,0,23328
318,montgomery,750,Random,A,0.05,True,-1.0,True,1.0,1.0,mc23.json,0,91412
319,montgomery,750,Random,A,0.05,True,-1.0,True,1.0,1.0,mf9.json,0,86831
320,montgomery,750,Random,A,0.05,True,-1.0,True,1.0,1.0,mi15.json,0,3987
321,montgomery,750,Random,A,0.05,True,-1.0,True,1.0,1.0,mn9.json,0,58871
322,montgomery,750,Random,A,0.05,True,-1.0,True,1.0,1.0,me24.json,0,22399
323,montgomery,750,Random,A,0.05,True,-1.0,True,1.0,1.0,mo24.json,0,46214
324,montgomery,750,Random,A,0.05,True,-1.0,True,1.0,1.0,me19.json,0,99522
325,montgomery,750,Random,A,0.05,True,-1.0,True,1.0,1.0,ma19.json,0,86416
326,montgomery,750,Random,A,0.05,True,-1.0,True,1.0,1.0,ml13.json,0,70271
327,montgomery,750,Random,A,0.05,True,-1.0,True,1.0,1.0,mp12.json,0,44064
328,montgomery,750,Random,A,0.05,True,-1.0,True,1.0,1.0,mm31.json,0,70091
329,montgomery,750,Random,A,0.05,True,-1.0,True,1.0,1.0,mb21.json,0,40818
330,montgomery,750,Random,A,0.05,True,-1.0,True,1.0,1.0,mo18.json,0,45525
331,montgomery,750,Random,A,0.05,True,-1.0,True,1.0,1.0,mi17.json,0,19830
332,montgomery,750,Random,A,0.05,True,-1.0,True,1.0,1.0,mg14.json,0,17429
333,montgomery,750,Random,A,0.05,True,-1.0,True,1.0,1.0,mk31.json,0,6893
334,montgomery,750,Random,A,0.05,True,-1.0,True,1.0,1.0,me33.json,0,79909
335,montgomery,750,Random,A,0.05,True,-1.0,True,1.0,1.0,me22.json,0,47333
336,montgomery,750,Random,A,0.05,True,-1.0,True,1.0,1.0,mg31.json,0,3436
337,montgomery,750,Random,A,0.05,True,-1.0,True,1.0,1.0,mf31.json,0,74290
338,montgomery,750,Random,A,0.05,True,-1.0,True,1.0,1.0,mp17.json,0,76213
339,montgomery,750,Random,A,0.05,True,-1.0,True,1.0,1.0,mh21.json,0,5895
340,montgomery,750,Random,A,0.05,True,-1.0,True,1.0,1.0,mk35.json,0,19738
341,montgomery,750,Random,A,0.05,True,-1.0,True,1.0,1.0,md12.json,0,30746
342,montgomery,750,Random,A,0.05,True,-1.0,True,1.0,1.0,ma15.json,0,49377
343,montgomery,750,Random,A,0.05,True,-1.0,True,1.0,1.0,mi19.json,0,48404
344,montgomery,750,Random,A,0.05,True,-1.0,True,1.0,1.0,mg22.json,0,54045
345,montgomery,750,Random,A,0.05,True,-1.0,True,1.0,1.0,mf19.json,0,97888
346,montgomery,750,Random,A,0.05,True,-1.0,True,1.0,1.0,mi35.json,0,39790
347,montgomery,750,Random,A,0.05,True,-1.0,True,1.0,1.0,mi33.json,0,5600
348,montgomery,750,Random,A,0.05,True,-1.0,True,1.0,1.0,mg28.json,0,94660
349,montgomery,750,Random,A,0.05,True,-1.0,True,1.0,1.0,mo22.json,0,93179
350,montgomery,750,Random,A,0.05,True,-1.0,True,1.0,1.0,mb29.json,0,40764
351,montgomery,750,Random,A,0.05,True,-1.0,True,1.0,1.0,mb26.json,0,74543
352,montgomery,750,Random,A,0.05,True,-1.0,True,1.0,1.0,mi31.json,0,45714
353,montgomery,750,Random,A,0.05,True,-1.0,True,1.0,1.0,mb14.json,0,56835
354,montgomery,750,Random,A,0.05,True,-1.0,True,1.0,1.0,mc29.json,0,73744
355,montgomery,750,Random,A,0.05,True,-1.0,True,1.0,1.0,md16.json,0,56491
356,montgomery,750,Random,A,0.05,True,-1.0,True,1.0,1.0,mk12.json,0,18589
357,montgomery,750,Random,A,0.05,True,-1.0,True,1.0,1.0,md8.json,0,43484
358,montgomery,750,Random,A,0.05,True,-1.0,True,1.0,1.0,mn29.json,0,82989
359,montgomery,750,Random,A,0.05,True,-1.0,True,1.0,1.0,mm35.json,0,36212
360,montgomery,750,Random,A,0.05,True,-1.0,True,1.0,1.0,mg25.json,0,43525
361,montgomery,750,Random,A,0.05,True,-1.0,True,1.0,1.0,mh14.json,0,47202
362,montgomery,750,Random,A,0.05,True,-1.0,True,1.0,1.0,mm5.json,0,32635
363,montgomery,750,Random,A,0.05,True,-1.0,True,1.0,1.0,mj32.json,0,63208
364,montgomery,750,Random,A,0.05,True,-1.0,True,1.0,1.0,mi23.json,0,33828
365,montgomery,750,Random,A,0.05,True,-1.0,True,1.0,1.0,ma20.json,0,18711
366,montgomery,750,Random,A,0.05,True,-1.0,True,1.0,1.0,mh23.json,0,3420
367,montgomery,750,Random,A,0.05,True,-1.0,True,1.0,1.0,mi28.json,0,96752
368,montgomery,750,Random,A,0.05,True,-1.0,True,1.0,1.0,mc14.json,0,301
369,montgomery,750,Random,A,0.05,True,-1.0,True,1.0,1.0,ma16.json,0,45236
370,montgomery,750,Random,A,0.05,True,-1.0,True,1.0,1.0,ml27.json,0,66235
371,montgomery,750,Random,A,0.05,True,-1.0,True,1.0,1.0,mm15.json,0,54240
372,montgomery,750,Random,A,0.05,True,-1.0,True,1.0,1.0,mj12.json,0,65726
373,montgomery,750,Random,A,0.05,True,-1.0,True,1.0,1.0,mg9.json,0,10492
374,montgomery,750,Random,A,0.05,True,-1.0,True,1.0,1.0,ma30.json,0,6102
375,montgomery,750,Random,A,0.05,True,-1.0,True,1.0,1.0,mp6.json,0,50336
376,montgomery,750,Random,A,0.05,True,-1.0,True,1.0,1.0,mf13.json,0,85314
377,montgomery,750,Random,A,0.05,True,-1.0,True,1.0,1.0,mh31.json,0,26641
378,montgomery,750,Random,A,0.05,True,-1.0,True,1.0,1.0,mj28.json,0,34584
379,montgomery,750,Random,A,0.05,True,-1.0,True,1.0,1.0,mo13.json,0,32745
380,montgomery,750,Random,A,0.05,True,-1.0,True,1.0,1.0,mh34.json,0,23093
381,montgomery,750,Random,A,0.05,True,-1.0,True,1.0,1.0,mi9.json,0,66105
382,montgomery,750,Random,A,0.05,True,-1.0,True,1.0,1.0,mm6.json,0,51885
383,montgomery,750,Random,A,0.05,True,-1.0,True,1.0,1.0,mf16.json,0,36631
384,montgomery,750,Random,A,0.05,True,-1.0,True,1.0,1.0,mo16.json,0,72991
385,montgomery,750,Random,A,0.05,True,-1.0,True,1.0,1.0,me21.json,0,4014
386,montgomery,750,Random,A,0.05,True,-1.0,True,1.0,1.0,mk14.json,0,11093
387,montgomery,750,Random,A,0.05,True,-1.0,True,1.0,1.0,ma31.json,0,18070
388,montgomery,750,Random,A,0.05,True,-1.0,True,1.0,1.0,mo31.json,0,35777
389,montgomery,750,Random,A,0.05,True,-1.0,True,1.0,1.0,mi34.json,0,56958
390,montgomery,750,Random,A,0.05,True,-1.0,True,1.0,1.0,mc16.json,0,82074
391,montgomery,750,Random,A,0.05,True,-1.0,True,1.0,1.0,mb31.json,0,10729
392,montgomery,750,Random,A,0.05,True,-1.0,True,1.0,1.0,mn26.json,0,99713
393,montgomery,750,Random,A,0.05,True,-1.0,True,1.0,1.0,mm8.json,0,45017
394,montgomery,750,Random,A,0.05,True,-1.0,True,1.0,1.0,mo17.json,0,66320
395,montgomery,750,Random,A,0.05,True,-1.0,True,1.0,1.0,ml32.json,0,27751
396,montgomery,750,Random,A,0.05,True,-1.0,True,1.0,1.0,mj19.json,0,78069
397,montgomery,750,Random,A,0.05,True,-1.0,True,1.0,1.0,mm33.json,0,54748
398,montgomery,750,Random,A,0.05,True,-1.0,True,1.0,1.0,mb18.json,0,5801
399,montgomery,750,Random,A,0.05,True,-1.0,True,1.0,1.0,mc27.json,0,19190
400,montgomery,750,Random,A,0.05,True,-1.0,True,1.0,1.0,mk7.json,0,49689
401,montgomery,750,Random,A,0.05,True,-1.0,True,1.0,1.0,me32.json,0,50993
402,montgomery,750,Random,A,0.05,True,-1.0,True,1.0,1.0,me20.json,0,29592
403,montgomery,750,Random,A,0.05,True,-1.0,True,1.0,1.0,mg29.json,0,10647
404,montgomery,750,Random,A,0.05,True,-1.0,True,1.0,1.0,mh27.json,0,8716
405,montgomery,750,Random,A,0.05,True,-1.0,True,1.0,1.0,mf29.json,0,88891
406,montgomery,750,Random,A,0.05,True,-1.0,True,1.0,1.0,mj14.json,0,87545
407,montgomery,750,Random,A,0.05,True,-1.0,True,1.0,1.0,mg5.json,0,89912
408,montgomery,750,Random,A,0.05,True,-1.0,True,1.0,1.0,mf28.json,0,70316
409,montgomery,750,Random,A,0.05,True,-1.0,True,1.0,1.0,mh24.json,0,2368
410,montgomery,750,Random,A,0.05,True,-1.0,True,1.0,1.0,mc22.json,0,77575
411,montgomery,750,Random,A,0.05,True,-1.0,True,1.0,1.0,ma6.json,0,6655
412,montgomery,750,Random,A,0.05,True,-1.0,True,1.0,1.0,mk32.json,0,70031
413,montgomery,750,Random,A,0.05,True,-1.0,True,1.0,1.0,mm14.json,0,76429
414,montgomery,750,Random,A,0.05,True,-1.0,True,1.0,1.0,mp27.json,0,91083
415,montgomery,750,Random,A,0.05,True,-1.0,True,1.0,1.0,mc6.json,0,87922
416,montgomery,750,Random,A,0.05,True,-1.0,True,1.0,1.0,ml16.json,0,55766
417,montgomery,750,Random,A,0.05,True,-1.0,True,1.0,1.0,mc17.json,0,13403
418,montgomery,750,Random,A,0.05,True,-1.0,True,1.0,1.0,mp9.json,0,32097
419,montgomery,750,Random,A,0.05,True,-1.0,True,1.0,1.0,md32.json,0,78657
420,montgomery,750,Random,A,0.05,True,-1.0,True,1.0,1.0,md33.json,0,10966
421,montgomery,750,Random,A,0.05,True,-1.0,True,1.0,1.0,mb25.json,0,99157
422,montgomery,750,Random,A,0.05,True,-1.0,True,1.0,1.0,mk10.json,0,93848
423,montgomery,750,Random,A,0.05,True,-1.0,True,1.0,1.0,mg11.json,0,52921
424,montgomery,750,Random,A,0.05,True,-1.0,True,1.0,1.0,me10.json,0,49726
425,montgomery,750,Random,A,0.05,True,-1.0,True,1.0,1.0,mg20.json,0,50300
426,montgomery,750,Random,A,0.05,True,-1.0,True,1.0,1.0,mb16.json,0,22677
427,montgomery,750,Random,A,0.05,True,-1.0,True,1.0,1.0,mk34.json,0,55609
428,montgomery,750,Random,A,0.05,True,-1.0,True,1.0,1.0,mb17.json,0,96825
429,montgomery,750,Random,A,0.05,True,-1.0,True,1.0,1.0,mj7.json,0,56661
430,montgomery,750,Random,A,0.05,True,-1.0,True,1.0,1.0,mo5.json,0,31024
431,montgomery,750,Random,A,0.05,True,-1.0,True,1.0,1.0,mc11.json,0,70313
432,montgomery,750,Random,A,0.05,True,-1.0,True,1.0,1.0,mi7.json,0,53006
433,montgomery,750,Random,A,0.05,True,-1.0,True,1.0,1.0,mc30.json,0,95285
434,montgomery,750,Random,A,0.05,True,-1.0,True,1.0,1.0,mc7.json,0,15338
435,montgomery,750,Random,A,0.05,True,-1.0,True,1.0,1.0,mn12.json,0,68027
436,montgomery,750,Random,A,0.05,True,-1.0,True,1.0,1.0,ml21.json,0,92772
437,montgomery,750,Random,A,0.05,True,-1.0,True,1.0,1.0,mf5.json,0,80135
438,montgomery,750,Random,A,0.05,True,-1.0,True,1.0,1.0,mf10.json,0,19508
439,montgomery,750,Random,A,0.05,True,-1.0,True,1.0,1.0,ml14.json,0,3051
440,montgomery,750,Random,A,0.05,True,-1.0,True,1.0,1.0,mb7.json,0,48747
441,montgomery,750,Random,A,0.05,True,-1.0,True,1.0,1.0,me9.json,0,87142
442,montgomery,750,Random,A,0.05,True,-1.0,True,1.0,1.0,mb27.json,0,87235
443,montgomery,750,Random,A,0.05,True,-1.0,True,1.0,1.0,mc32.json,0,54021
444,montgomery,750,Random,A,0.05,True,-1.0,True,1.0,1.0,mj23.json,0,66412
445,montgomery,750,Random,A,0.05,True,-1.0,True,1.0,1.0,mc5.json,0,58335
446,montgomery,750,Random,A,0.05,True,-1.0,True,1.0,1.0,ml12.json,0,56179
447,montgomery,750,Random,A,0.05,True,-1.0,True,1.0,1.0,me6.json,0,32093
448,montgomery,750,Random,A,0.05,True,-1.0,True,1.0,1.0,mb8.json,0,69678
449,montgomery,750,Random,A,0.05,True,-1.0,True,1.0,1.0,md13.json,0,80738
450,montgomery,750,Random,A,0.05,True,-1.0,True,1.0,1.0,mg16.json,0,39734
451,montgomery,750,Random,A,0.05,True,-1.0,True,1.0,1.0,mm30.json,0,72615
452,montgomery,750,Random,A,0.05,True,-1.0,True,1.0,1.0,mb22.json,0,73523
453,montgomery,750,Random,A,0.05,True,-1.0,True,1.0,1.0,mi14.json,0,94476
454,montgomery,750,Random,A,0.05,True,-1.0,True,1.0,1.0,mh13.json,0,17019
455,montgomery,750,Random,A,0.05,True,-1.0,True,1.0,1.0,me35.json,0,83613
456,montgomery,750,Random,A,0.05,True,-1.0,True,1.0,1.0,me30.json,0,91794
457,montgomery,750,Random,A,0.05,True,-1.0,True,1.0,1.0,ma34.json,0,86672
458,montgomery,750,Random,A,0.05,True,-1.0,True,1.0,1.0,ml34.json,0,73847
459,montgomery,750,Random,A,0.05,True,-1.0,True,1.0,1.0,mc9.json,0,82750
460,montgomery,750,Random,A,0.05,True,-1.0,True,1.0,1.0,ml6.json,0,79634
461,montgomery,750,Random,A,0.05,True,-1.0,True,1.0,1.0,mc31.json,0,28251
462,montgomery,750,Random,A,0.05,True,-1.0,True,1.0,1.0,me13.json,0,25945
463,montgomery,750,Random,A,0.05,True,-1.0,True,1.0,1.0,mn27.json,0,90852
464,montgomery,750,Random,A,0.05,True,-1.0,True,1.0,1.0,mi27.json,0,32217
465,montgomery,750,Random,A,0.05,True,-1.0,True,1.0,1.0,mk15.json,0,8308
466,montgomery,750,Random,A,0.05,True,-1.0,True,1.0,1.0,mm32.json,0,5949
467,montgomery,750,Random,A,0.05,True,-1.0,True,1.0,1.0,mo8.json,0,51990
468,montgomery,750,Random,A,0.05,True,-1.0,True,1.0,1.0,mk6.json,0,1150
469,montgomery,750,Random,A,0.05,True,-1.0,True,1.0,1.0,mc10.json,0,89480
470,montgomery,750,Random,A,0.05,True,-1.0,True,1.0,1.0,ml29.json,0,74740
471,montgomery,750,Random,A,0.05,True,-1.0,True,1.0,1.0,mf20.json,0,66617
472,montgomery,750,Random,A,0.05,True,-1.0,True,1.0,1.0,mf15.json,0,94841
473,montgomery,750,Random,A,0.05,True,-1.0,True,1.0,1.0,mo23.json,0,16896
474,montgomery,750,Random,A,0.05,True,-1.0,True,1.0,1.0,me31.json,0,46175
475,montgomery,750,Random,A,0.05,True,-1.0,True,1.0,1.0,mj26.json,0,7805
476,montgomery,750,Random,A,0.05,True,-1.0,True,1.0,1.0,mg21.json,0,5237
477,montgomery,750,Random,A,0.05,True,-1.0,True,1.0,1.0,mp20.json,0,20056
478,montgomery,750,Random,A,0.05,True,-1.0,True,1.0,1.0,mj22.json,0,45543
479,montgomery,750,Random,A,0.05,True,-1.0,True,1.0,1.0,mc24.json,0,56556
480,montgomery,750,Random,A,0.05,True,-1.0,True,1.0,1.0,ml11.json,0,3343
481,montgomery,750,Random,A,0.05,True,-1.0,True,1.0,1.0,mh15.json,0,13500
482,montgomery,750,Random,A,0.05,True,-1.0,True,1.0,1.0,me26.json,0,53222
483,montgomery,750,Random,A,0.05,True,-1.0,True,1.0,1.0,mj6.json,0,29375
484,montgomery,750,Random,A,0.05,True,-1.0,True,1.0,1.0,mj10.json,0,9662
485,montgomery,750,Random,A,0.05,True,-1.0,True,1.0,1.0,md11.json,0,16964
486,montgomery,750,Random,A,0.05,True,-1.0,True,1.0,1.0,ml7.json,0,59638
487,montgomery,750,Random,A,0.05,True,-1.0,True,1.0,1.0,ml5.json,0,73666
488,montgomery,750,Random,A,0.05,True,-1.0,True,1.0,1.0,mi26.json,0,85067
489,montgomery,750,Random,A,0.05,True,-1.0,True,1.0,1.0,mp29.json,0,67215
490,cville,1350,Random,A,0.05,True,-1.0,True,1.0,1.0,cc39.json,0,69042
491,cville,1350,Random,A,0.05,True,-1.0,True,1.0,1.0,cf39.json,0,13284
492,cville,1350,Random,A,0.05,True,-1.0,True,1.0,1.0,cb22.json,0,72789
493,cville,1350,Random,A,0.05,True,-1.0,True,1.0,1.0,ci27.json,0,84664
494,cville,1350,Random,A,0.05,True,-1.0,True,1.0,1.0,cp10.json,0,93468
495,cville,1350,Random,A,0.05,True,-1.0,True,1.0,1.0,ch21.json,0,61389
496,cville,1350,Random,A,0.05,True,-1.0,True,1.0,1.0,ce17.json,0,9435
497,cville,1350,Random,A,0.05,True,-1.0,True,1.0,1.0,cj18.json,0,54340
498,cville,1350,Random,A,0.05,True,-1.0,True,1.0,1.0,cg5.json,0,44078
499,cville,1350,Random,A,0.05,True,-1.0,True,1.0,1.0,cd24.json,0,78832
500,cville,1350,Random,A,0.05,True,-1.0,True,1.0,1.0,cm6.json,0,51293
501,cville,1350,Random,A,0.05,True,-1.0,True,1.0,1.0,ci9.json,0,95981
502,cville,1350,Random,A,0.05,True,-1.0,True,1.0,1.0,ci7.json,0,78781
503,cville,1350,Random,A,0.05,True,-1.0,True,1.0,1.0,cf38.json,0,60403
504,cville,1350,Random,A,0.05,True,-1.0,True,1.0,1.0,cn25.json,0,29124
505,cville,1350,Random,A,0.05,True,-1.0,True,1.0,1.0,ck31.json,0,95435
506,cville,1350,Random,A,0.05,True,-1.0,True,1.0,1.0,cm22.json,0,43919
507,cville,1350,Random,A,0.05,True,-1.0,True,1.0,1.0,ce30.json,0,35247
508,cville,1350,Random,A,0.05,True,-1.0,True,1.0,1.0,cd22.json,0,94758
509,cville,1350,Random,A,0.05,True,-1.0,True,1.0,1.0,ck25.json,0,91747
510,cville,1350,Random,A,0.05,True,-1.0,True,1.0,1.0,cm5.json,0,62752
511,cville,1350,Random,A,0.05,True,-1.0,True,1.0,1.0,cn27.json,0,56573
512,cville,1350,Random,A,0.05,True,-1.0,True,1.0,1.0,ci16.json,0,59101
513,cville,1350,Random,A,0.05,True,-1.0,True,1.0,1.0,ch29.json,0,26646
514,cville,1350,Random,A,0.05,True,-1.0,True,1.0,1.0,ch7.json,0,23049
515,cville,1350,Random,A,0.05,True,-1.0,True,1.0,1.0,cm24.json,0,79605
516,cville,1350,Random,A,0.05,True,-1.0,True,1.0,1.0,cc28.json,0,98116
517,cville,1350,Random,A,0.05,True,-1.0,True,1.0,1.0,cp27.json,0,97379
518,cville,1350,Random,A,0.05,True,-1.0,True,1.0,1.0,cn11.json,0,68385
519,cville,1350,Random,A,0.05,True,-1.0,True,1.0,1.0,ck16.json,0,40158
520,cville,1350,Random,A,0.05,True,-1.0,True,1.0,1.0,cb8.json,0,65417
521,cville,1350,Random,A,0.05,True,-1.0,True,1.0,1.0,cc38.json,0,23289
522,cville,1350,Random,A,0.05,True,-1.0,True,1.0,1.0,co28.json,0,9823
523,cville,1350,Random,A,0.05,True,-1.0,True,1.0,1.0,cb9.json,0,60160
524,cville,1350,Random,A,0.05,True,-1.0,True,1.0,1.0,cp36.json,0,41975
525,cville,1350,Random,A,0.05,True,-1.0,True,1.0,1.0,ci17.json,0,9540
526,cville,1350,Random,A,0.05,True,-1.0,True,1.0,1.0,co31.json,0,16364
527,cville,1350,Random,A,0.05,True,-1.0,True,1.0,1.0,ce8.json,0,4611
528,cville,1350,Random,A,0.05,True,-1.0,True,1.0,1.0,cc15.json,0,27663
529,cville,1350,Random,A,0.05,True,-1.0,True,1.0,1.0,cg20.json,0,51991
530,cville,1350,Random,A,0.05,True,-1.0,True,1.0,1.0,cn19.json,0,57679
531,cville,1350,Random,A,0.05,True,-1.0,True,1.0,1.0,cj21.json,0,30977
532,cville,1350,Random,A,0.05,True,-1.0,True,1.0,1.0,cn28.json,0,94704
533,cville,1350,Random,A,0.05,True,-1.0,True,1.0,1.0,ch8.json,0,49115
534,cville,1350,Random,A,0.05,True,-1.0,True,1.0,1.0,cd14.json,0,91007
535,cville,1350,Random,A,0.05,True,-1.0,True,1.0,1.0,cb23.json,0,88223
536,cville,1350,Random,A,0.05,True,-1.0,True,1.0,1.0,ck21.json,0,60890
537,cville,1350,Random,A,0.05,True,-1.0,True,1.0,1.0,cj23.json,0,66387
538,cville,1350,Random,A,0.05,True,-1.0,True,1.0,1.0,cj15.json,0,18071
539,cville,1350,Random,A,0.05,True,-1.0,True,1.0,1.0,ck26.json,0,59275
540,cville,1350,Random,A,0.05,True,-1.0,True,1.0,1.0,ck29.json,0,72369
541,cville,1350,Random,A,0.05,True,-1.0,True,1.0,1.0,cf12.json,0,11938
542,cville,1350,Random,A,0.05,True,-1.0,True,1.0,1.0,ca10.json,0,35195
543,cville,1350,Random,A,0.05,True,-1.0,True,1.0,1.0,cl28.json,0,91680
544,cville,1350,Random,A,0.05,True,-1.0,True,1.0,1.0,cb12.json,0,4000
545,cville,1350,Random,A,0.05,True,-1.0,True,1.0,1.0,cb21.json,0,70588
546,cville,1350,Random,A,0.05,True,-1.0,True,1.0,1.0,cc30.json,0,93610
547,cville,1350,Random,A,0.05,True,-1.0,True,1.0,1.0,cc32.json,0,97856
548,cville,1350,Random,A,0.05,True,-1.0,True,1.0,1.0,cl11.json,0,38304
549,cville,1350,Random,A,0.05,True,-1.0,True,1.0,1.0,cd11.json,0,69449
550,cville,1350,Random,A,0.05,True,-1.0,True,1.0,1.0,ci24.json,0,82986
551,cville,1350,Random,A,0.05,True,-1.0,True,1.0,1.0,cb16.json,0,89643
552,cville,1350,Random,A,0.05,True,-1.0,True,1.0,1.0,cb30.json,0,20764
553,cville,1350,Random,A,0.05,True,-1.0,True,1.0,1.0,cp5.json,0,86027
554,cville,1350,Random,A,0.05,True,-1.0,True,1.0,1.0,ca27.json,0,38494
555,cville,1350,Random,A,0.05,True,-1.0,True,1.0,1.0,cc18.json,0,3373
556,cville,1350,Random,A,0.05,True,-1.0,True,1.0,1.0,cd17.json,0,12161
557,cville,1350,Random,A,0.05,True,-1.0,True,1.0,1.0,ch32.json,0,97532
558,cville,1350,Random,A,0.05,True,-1.0,True,1.0,1.0,cb24.json,0,92658
559,cville,1350,Random,A,0.05,True,-1.0,True,1.0,1.0,cj27.json,0,27350
560,cville,1350,Random,A,0.05,True,-1.0,True,1.0,1.0,cc14.json,0,93008
561,cville,1350,Random,A,0.05,True,-1.0,True,1.0,1.0,cf17.json,0,94297
562,cville,1350,Random,A,0.05,True,-1.0,True,1.0,1.0,cl10.json,0,25351
563,cville,1350,Random,A,0.05,True,-1.0,True,1.0,1.0,cb13.json,0,88668
564,cville,1350,Random,A,0.05,True,-1.0,True,1.0,1.0,ck17.json,0,15305
565,cville,1350,Random,A,0.05,True,-1.0,True,1.0,1.0,cc7.json,0,75353
566,cville,1350,Random,A,0.05,True,-1.0,True,1.0,1.0,ce13.json,0,76797
567,cville,1350,Random,A,0.05,True,-1.0,True,1.0,1.0,cf26.json,0,65953
568,cville,1350,Random,A,0.05,True,-1.0,True,1.0,1.0,ci29.json,0,57458
569,cville,1350,Random,A,0.05,True,-1.0,True,1.0,1.0,ch34.json,0,20358
570,cville,1350,Random,A,0.05,True,-1.0,True,1.0,1.0,cl18.json,0,3267
571,cville,1350,Random,A,0.05,True,-1.0,True,1.0,1.0,cd25.json,0,82745
572,cville,1350,Random,A,0.05,True,-1.0,True,1.0,1.0,cf16.json,0,89588
573,cville,1350,Random,A,0.05,True,-1.0,True,1.0,1.0,ci18.json,0,38513
574,cville,1350,Random,A,0.05,True,-1.0,True,1.0,1.0,ch19.json,0,26092
575,cville,1350,Random,A,0.05,True,-1.0,True,1.0,1.0,cf37.json,0,11338
576,cville,1350,Random,A,0.05,True,-1.0,True,1.0,1.0,cp35.json,0,412
577,cville,1350,Random,A,0.05,True,-1.0,True,1.0,1.0,cf33.json,0,7543
578,cville,1350,Random,A,0.05,True,-1.0,True,1.0,1.0,cg11.json,0,33496
579,cville,1350,Random,A,0.05,True,-1.0,True,1.0,1.0,cm20.json,0,60692
580,cville,1350,Random,A,0.05,True,-1.0,True,1.0,1.0,ci15.json,0,89084
581,cville,1350,Random,A,0.05,True,-1.0,True,1.0,1.0,cp38.json,0,92920
582,cville,1350,Random,A,0.05,True,-1.0,True,1.0,1.0,cn7.json,0,44425
583,cville,1350,Random,A,0.05,True,-1.0,True,1.0,1.0,cc29.json,0,38756
584,cville,1350,Random,A,0.05,True,-1.0,True,1.0,1.0,cd5.json,0,18888
585,cville,1350,Random,A,0.05,True,-1.0,True,1.0,1.0,cm12.json,0,35735
586,cville,1350,Random,A,0.05,True,-1.0,True,1.0,1.0,cg21.json,0,47295
587,cville,1350,Random,A,0.05,True,-1.0,True,1.0,1.0,ci32.json,0,83042
588,cville,1350,Random,A,0.05,True,-1.0,True,1.0,1.0,ci14.json,0,85999
589,cville,1350,Random,A,0.05,True,-1.0,True,1.0,1.0,cm27.json,0,17955
590,cville,1350,Random,A,0.05,True,-1.0,True,1.0,1.0,cf25.json,0,37841
591,cville,1350,Random,A,0.05,True,-1.0,True,1.0,1.0,ch14.json,0,70640
592,cville,1350,Random,A,0.05,True,-1.0,True,1.0,1.0,ci26.json,0,65510
593,cville,1350,Random,A,0.05,True,-1.0,True,1.0,1.0,cc34.json,0,34911
594,cville,1350,Random,A,0.05,True,-1.0,True,1.0,1.0,cm10.json,0,59031
595,cville,1350,Random,A,0.05,True,-1.0,True,1.0,1.0,cd8.json,0,88726
596,cville,1350,Random,A,0.05,True,-1.0,True,1.0,1.0,co22.json,0,7357
597,cville,1350,Random,A,0.05,True,-1.0,True,1.0,1.0,ca31.json,0,32479
598,cville,1350,Random,A,0.05,True,-1.0,True,1.0,1.0,co25.json,0,61476
599,cville,1350,Random,A,0.05,True,-1.0,True,1.0,1.0,cn30.json,0,44811
600,cville,1350,Random,A,0.05,True,-1.0,True,1.0,1.0,cp26.json,0,36208
601,cville,1350,Random,A,0.05,True,-1.0,True,1.0,1.0,cl5.json,0,20150
602,cville,1350,Random,A,0.05,True,-1.0,True,1.0,1.0,cf19.json,0,71180
603,cville,1350,Random,A,0.05,True,-1.0,True,1.0,1.0,ce33.json,0,43286
604,cville,1350,Random,A,0.05,True,-1.0,True,1.0,1.0,cm17.json,0,68450
605,cville,1350,Random,A,0.05,True,-1.0,True,1.0,1.0,cc20.json,0,21352
606,cville,1350,Random,A,0.05,True,-1.0,True,1.0,1.0,cm23.json,0,55069
607,cville,1350,Random,A,0.05,True,-1.0,True,1.0,1.0,ci28.json,0,14397
608,cville,1350,Random,A,0.05,True,-1.0,True,1.0,1.0,ck11.json,0,41555
609,cville,1350,Random,A,0.05,True,-1.0,True,1.0,1.0,cn15.json,0,46959
610,cville,1350,Random,A,0.05,True,-1.0,True,1.0,1.0,cp40.json,0,728
611,cville,1350,Random,A,0.05,True,-1.0,True,1.0,1.0,cl21.json,0,50517
612,cville,1350,Random,A,0.05,True,-1.0,True,1.0,1.0,ca17.json,0,66234
613,cville,1350,Random,A,0.05,True,-1.0,True,1.0,1.0,cb26.json,0,39954
614,cville,1350,Random,A,0.05,True,-1.0,True,1.0,1.0,cb27.json,0,47280
615,cville,1350,Random,A,0.05,True,-1.0,True,1.0,1.0,cg7.json,0,79459
616,cville,1350,Random,A,0.05,True,-1.0,True,1.0,1.0,cf5.json,0,16779
617,cville,1350,Random,A,0.05,True,-1.0,True,1.0,1.0,ci19.json,0,63932
618,cville,1350,Random,A,0.05,True,-1.0,True,1.0,1.0,co33.json,0,72936
619,cville,1350,Random,A,0.05,True,-1.0,True,1.0,1.0,co30.json,0,24466
620,cville,1350,Random,A,0.05,True,-1.0,True,1.0,1.0,ce20.json,0,36939
621,cville,1350,Random,A,0.05,True,-1.0,True,1.0,1.0,cp20.json,0,69896
622,cville,1350,Random,A,0.05,True,-1.0,True,1.0,1.0,cf30.json,0,35270
623,cville,1350,Random,A,0.05,True,-1.0,True,1.0,1.0,co12.json,0,59163
624,cville,1350,Random,A,0.05,True,-1.0,True,1.0,1.0,ci30.json,0,82637
625,cville,1350,Random,A,0.05,True,-1.0,True,1.0,1.0,cl20.json,0,51934
626,cville,1350,Random,A,0.05,True,-1.0,True,1.0,1.0,cg18.json,0,64895
627,cville,1350,Random,A,0.05,True,-1.0,True,1.0,1.0,co9.json,0,32307
628,cville,1350,Random,A,0.05,True,-1.0,True,1.0,1.0,cn16.json,0,54098
629,cville,1350,Random,A,0.05,True,-1.0,True,1.0,1.0,ci5.json,0,60921
630,cville,1350,Random,A,0.05,True,-1.0,True,1.0,1.0,cf20.json,0,5486
631,cville,1350,Random,A,0.05,True,-1.0,True,1.0,1.0,cd15.json,0,8335
632,cville,1350,Random,A,0.05,True,-1.0,True,1.0,1.0,cm9.json,0,86900
633,cville,1350,Random,A,0.05,True,-1.0,True,1.0,1.0,cl19.json,0,89112
634,cville,1350,Random,A,0.05,True,-1.0,True,1.0,1.0,ch26.json,0,97203
635,cville,1350,Random,A,0.05,True,-1.0,True,1.0,1.0,cl32.json,0,11130
636,cville,1350,Random,A,0.05,True,-1.0,True,1.0,1.0,ca15.json,0,87508
637,cville,1350,Random,A,0.05,True,-1.0,True,1.0,1.0,cb7.json,0,60566
638,cville,1350,Random,A,0.05,True,-1.0,True,1.0,1.0,cf10.json,0,66703
639,cville,1350,Random,A,0.05,True,-1.0,True,1.0,1.0,cp11.json,0,27192
640,cville,1350,Random,A,0.05,True,-1.0,True,1.0,1.0,cm26.json,0,1062
641,cville,1350,Random,A,0.05,True,-1.0,True,1.0,1.0,cp28.json,0,84076
642,cville,1350,Random,A,0.05,True,-1.0,True,1.0,1.0,co24.json,0,89780
643,cville,1350,Random,A,0.05,True,-1.0,True,1.0,1.0,ce12.json,0,21545
644,cville,1350,Random,A,0.05,True,-1.0,True,1.0,1.0,cp18.json,0,21689
645,cville,1350,Random,A,0.05,True,-1.0,True,1.0,1.0,cd30.json,0,11174
646,cville,1350,Random,A,0.05,True,-1.0,True,1.0,1.0,ce14.json,0,88461
647,cville,1350,Random,A,0.05,True,-1.0,True,1.0,1.0,ce29.json,0,9348
648,cville,1350,Random,A,0.05,True,-1.0,True,1.0,1.0,cc13.json,0,23714
649,cville,1350,Random,A,0.05,True,-1.0,True,1.0,1.0,ce28.json,0,38102
650,cville,1350,Random,A,0.05,True,-1.0,True,1.0,1.0,ck23.json,0,74460
651,cville,1350,Random,A,0.05,True,-1.0,True,1.0,1.0,cn24.json,0,89930
652,cville,1350,Random,A,0.05,True,-1.0,True,1.0,1.0,cm18.json,0,6801
653,cville,1350,Random,A,0.05,True,-1.0,True,1.0,1.0,ck10.json,0,72267
654,cville,1350,Random,A,0.05,True,-1.0,True,1.0,1.0,cd26.json,0,48136
655,cville,1350,Random,A,0.05,True,-1.0,True,1.0,1.0,cl33.json,0,23625
656,cville,1350,Random,A,0.05,True,-1.0,True,1.0,1.0,cj17.json,0,82873
657,cville,1350,Random,A,0.05,True,-1.0,True,1.0,1.0,ch11.json,0,72592
658,cville,1350,Random,A,0.05,True,-1.0,True,1.0,1.0,cl12.json,0,77052
659,cville,1350,Random,A,0.05,True,-1.0,True,1.0,1.0,cj28.json,0,44261
660,cville,1350,Random,A,0.05,True,-1.0,True,1.0,1.0,cf34.json,0,1542
661,cville,1350,Random,A,0.05,True,-1.0,True,1.0,1.0,co23.json,0,21677
662,cville,1350,Random,A,0.05,True,-1.0,True,1.0,1.0,cj26.json,0,46732
663,cville,1350,Random,A,0.05,True,-1.0,True,1.0,1.0,ck19.json,0,50343
664,cville,1350,Random,A,0.05,True,-1.0,True,1.0,1.0,ce5.json,0,39081
665,cville,1350,Random,A,0.05,True,-1.0,True,1.0,1.0,ce22.json,0,62856
666,cville,1350,Random,A,0.05,True,-1.0,True,1.0,1.0,cl6.json,0,93105
667,cville,1350,Random,A,0.05,True,-1.0,True,1.0,1.0,cc36.json,0,88858
668,cville,1350,Random,A,0.05,True,-1.0,True,1.0,1.0,cl31.json,0,19065
669,cville,1350,Random,A,0.05,True,-1.0,True,1.0,1.0,cf36.json,0,83460
670,cville,1350,Random,A,0.05,True,-1.0,True,1.0,1.0,cl23.json,0,88092
671,cville,1350,Random,A,0.05,True,-1.0,True,1.0,1.0,cf28.json,0,54693
672,cville,1350,Random,A,0.05,True,-1.0,True,1.0,1.0,cn10.json,0,26962
673,cville,1350,Random,A,0.05,True,-1.0,True,1.0,1.0,ca29.json,0,28295
674,cville,1350,Random,A,0.05,True,-1.0,True,1.0,1.0,cb15.json,0,13807
675,cville,1350,Random,A,0.05,True,-1.0,True,1.0,1.0,cn6.json,0,42348
676,cville,1350,Random,A,0.05,True,-1.0,True,1.0,1.0,ci21.json,0,26432
677,cville,1350,Random,A,0.05,True,-1.0,True,1.0,1.0,ce16.json,0,83285
678,cville,1350,Random,A,0.05,True,-1.0,True,1.0,1.0,cg6.json,0,91792
679,cville,1350,Random,A,0.05,True,-1.0,True,1.0,1.0,cl25.json,0,57854
680,cville,1350,Random,A,0.05,True,-1.0,True,1.0,1.0,cm15.json,0,40262
681,cville,1350,Random,A,0.05,True,-1.0,True,1.0,1.0,cg26.json,0,37080
682,cville,1350,Random,A,0.05,True,-1.0,True,1.0,1.0,cf15.json,0,1324
683,cville,1350,Random,A,0.05,True,-1.0,True,1.0,1.0,cg14.json,0,91267
684,cville,1350,Random,A,0.05,True,-1.0,True,1.0,1.0,ca30.json,0,35909
685,cville,1350,Random,A,0.05,True,-1.0,True,1.0,1.0,cp24.json,0,89339
686,cville,1350,Random,A,0.05,True,-1.0,True,1.0,1.0,ci8.json,0,19870
687,cville,1350,Random,A,0.05,True,-1.0,True,1.0,1.0,cf9.json,0,34578
688,cville,1350,Random,A,0.05,True,-1.0,True,1.0,1.0,cb19.json,0,72124
689,cville,1350,Random,A,0.05,True,-1.0,True,1.0,1.0,ca5.json,0,26790
690,cville,1350,Random,A,0.05,True,-1.0,True,1.0,1.0,ck8.json,0,25289
691,cville,1350,Random,A,0.05,True,-1.0,True,1.0,1.0,ci22.json,0,55129
692,cville,1350,Random,A,0.05,True,-1.0,True,1.0,1.0,cg10.json,0,93714
693,cville,1350,Random,A,0.05,True,-1.0,True,1.0,1.0,ch27.json,0,94246
694,cville,1350,Random,A,0.05,True,-1.0,True,1.0,1.0,ci6.json,0,15485
695,cville,1350,Random,A,0.05,True,-1.0,True,1.0,1.0,cn29.json,0,44482
696,cville,1350,Random,A,0.05,True,-1.0,True,1.0,1.0,cl8.json,0,86188
697,cville,1350,Random,A,0.05,True,-1.0,True,1.0,1.0,cl34.json,0,4748
698,cville,1350,Random,A,0.05,True,-1.0,True,1.0,1.0,ck6.json,0,86769
699,cville,1350,Random,A,0.05,True,-1.0,True,1.0,1.0,cl24.json,0,9435
700,cville,1350,Random,A,0.05,True,-1.0,True,1.0,1.0,cl14.json,0,3709
701,cville,1350,Random,A,0.05,True,-1.0,True,1.0,1.0,cn14.json,0,30355
702,cville,1350,Random,A,0.05,True,-1.0,True,1.0,1.0,cn26.json,0,55771
703,cville,1350,Random,A,0.05,True,-1.0,True,1.0,1.0,ci13.json,0,57799
704,cville,1350,Random,A,0.05,True,-1.0,True,1.0,1.0,cn12.json,0,13116
705,cville,1350,Random,A,0.05,True,-1.0,True,1.0,1.0,ce11.json,0,25470
706,cville,1350,Random,A,0.05,True,-1.0,True,1.0,1.0,cc5.json,0,42344
707,cville,1350,Random,A,0.05,True,-1.0,True,1.0,1.0,cf35.json,0,42918
708,cville,1350,Random,A,0.05,True,-1.0,True,1.0,1.0,ca24.json,0,52224
709,cville,1350,Random,A,0.05,True,-1.0,True,1.0,1.0,ca18.json,0,39298
710,cville,1350,Random,A,0.05,True,-1.0,True,1.0,1.0,co11.json,0,80219
711,cville,1350,Random,A,0.05,True,-1.0,True,1.0,1.0,ck30.json,0,61629
712,cville,1350,Random,A,0.05,True,-1.0,True,1.0,1.0,ce34.json,0,66040
713,cville,1350,Random,A,0.05,True,-1.0,True,1.0,1.0,cj8.json,0,99518
714,cville,1350,Random,A,0.05,True,-1.0,True,1.0,1.0,cd27.json,0,99835
715,cville,1350,Random,A,0.05,True,-1.0,True,1.0,1.0,cn33.json,0,28016
716,cville,1350,Random,A,0.05,True,-1.0,True,1.0,1.0,cm14.json,0,23960
717,cville,1350,Random,A,0.05,True,-1.0,True,1.0,1.0,cf22.json,0,33591
718,cville,1350,Random,A,0.05,True,-1.0,True,1.0,1.0,cp16.json,0,82848
719,cville,1350,Random,A,0.05,True,-1.0,True,1.0,1.0,cf18.json,0,67641
720,cville,1350,Random,A,0.05,True,-1.0,True,1.0,1.0,ce9.json,0,36395
721,cville,1350,Random,A,0.05,True,-1.0,True,1.0,1.0,cb28.json,0,22700
722,cville,1350,Random,A,0.05,True,-1.0,True,1.0,1.0,cl17.json,0,34620
723,cville,1350,Random,A,0.05,True,-1.0,True,1.0,1.0,cg12.json,0,20559
724,cville,1350,Random,A,0.05,True,-1.0,True,1.0,1.0,cm29.json,0,93045
725,cville,1350,Random,A,0.05,True,-1.0,True,1.0,1.0,cd12.json,0,93396
726,cville,1350,Random,A,0.05,True,-1.0,True,1.0,1.0,ch16.json,0,61642
727,cville,1350,Random,A,0.05,True,-1.0,True,1.0,1.0,ce19.json,0,76539
728,cville,1350,Random,A,0.05,True,-1.0,True,1.0,1.0,cf29.json,0,21732
729,cville,1350,Random,A,0.05,True,-1.0,True,1.0,1.0,cd6.json,0,91362
730,cville,1350,Random,A,0.05,True,-1.0,True,1.0,1.0,ch12.json,0,30354
731,cville,1350,Random,A,0.05,True,-1.0,True,1.0,1.0,cb25.json,0,13843
732,cville,1350,Random,A,0.05,True,-1.0,True,1.0,1.0,cp25.json,0,71726
733,cville,1350,Random,A,0.05,True,-1.0,True,1.0,1.0,co7.json,0,17640
734,cville,1350,Random,A,0.05,True,-1.0,True,1.0,1.0,cc10.json,0,52528
735,cville,1350,Random,A,0.05,True,-1.0,True,1.0,1.0,cc25.json,0,38413
736,cville,1350,Random,A,0.05,True,-1.0,True,1.0,1.0,ck18.json,0,52638
737,cville,1350,Random,A,0.05,True,-1.0,True,1.0,1.0,cf13.json,0,52736
738,cville,1350,Random,A,0.05,True,-1.0,True,1.0,1.0,cg17.json,0,68866
739,cville,1350,Random,A,0.05,True,-1.0,True,1.0,1.0,ch17.json,0,19087
740,cville,1350,Random,A,0.05,True,-1.0,True,1.0,1.0,ca19.json,0,41430
741,cville,1350,Random,A,0.05,True,-1.0,True,1.0,1.0,cc16.json,0,24504
742,cville,1350,Random,A,0.05,True,-1.0,True,1.0,1.0,cn32.json,0,7114
743,cville,1350,Random,A,0.05,True,-1.0,True,1.0,1.0,cl7.json,0,78859
744,cville,1350,Random,A,0.05,True,-1.0,True,1.0,1.0,cn34.json,0,99657
745,cville,1350,Random,A,0.05,True,-1.0,True,1.0,1.0,ch28.json,0,10975
746,cville,1350,Random,A,0.05,True,-1.0,True,1.0,1.0,cj20.json,0,11023
747,cville,1350,Random,A,0.05,True,-1.0,True,1.0,1.0,cj24.json,0,21447
748,cville,1350,Random,A,0.05,True,-1.0,True,1.0,1.0,cg19.json,0,90469
749,cville,1350,Random,A,0.05,True,-1.0,True,1.0,1.0,ch10.json,0,23959
750,cville,1350,Random,A,0.05,True,-1.0,True,1.0,1.0,co32.json,0,66203
751,cville,1350,Random,A,0.05,True,-1.0,True,1.0,1.0,ca14.json,0,29703
752,cville,1350,Random,A,0.05,True,-1.0,True,1.0,1.0,co19.json,0,9337
753,cville,1350,Random,A,0.05,True,-1.0,True,1.0,1.0,cn8.json,0,46427
754,cville,1350,Random,A,0.05,True,-1.0,True,1.0,1.0,co15.json,0,61529
755,cville,1350,Random,A,0.05,True,-1.0,True,1.0,1.0,cp22.json,0,84665
756,cville,1350,Random,A,0.05,True,-1.0,True,1.0,1.0,cp12.json,0,31921
757,cville,1350,Random,A,0.05,True,-1.0,True,1.0,1.0,cp30.json,0,33307
758,cville,1350,Random,A,0.05,True,-1.0,True,1.0,1.0,cc35.json,0,27355
759,cville,1350,Random,A,0.05,True,-1.0,True,1.0,1.0,ck27.json,0,4835
760,cville,1350,Random,A,0.05,True,-1.0,True,1.0,1.0,cf7.json,0,20159
761,cville,1350,Random,A,0.05,True,-1.0,True,1.0,1.0,cj19.json,0,47605
762,cville,1350,Random,A,0.05,True,-1.0,True,1.0,1.0,ck14.json,0,38088
763,cville,1350,Random,A,0.05,True,-1.0,True,1.0,1.0,cl13.json,0,78752
764,cville,1350,Random,A,0.05,True,-1.0,True,1.0,1.0,ch15.json,0,55284
765,cville,1350,Random,A,0.05,True,-1.0,True,1.0,1.0,cm11.json,0,57043
766,cville,1350,Random,A,0.05,True,-1.0,True,1.0,1.0,cc17.json,0,35547
767,cville,1350,Random,A,0.05,True,-1.0,True,1.0,1.0,cn9.json,0,97007
768,cville,1350,Random,A,0.05,True,-1.0,True,1.0,1.0,ck13.json,0,82844
769,cville,1350,Random,A,0.05,True,-1.0,True,1.0,1.0,cb29.json,0,27532
770,cville,1350,Random,A,0.05,True,-1.0,True,1.0,1.0,cm25.json,0,34349
771,cville,1350,Random,A,0.05,True,-1.0,True,1.0,1.0,ci12.json,0,45445
772,cville,1350,Random,A,0.05,True,-1.0,True,1.0,1.0,ce25.json,0,5713
773,cville,1350,Random,A,0.05,True,-1.0,True,1.0,1.0,co16.json,0,56178
774,cville,1350,Random,A,0.05,True,-1.0,True,1.0,1.0,ce7.json,0,49407
775,cville,1350,Random,A,0.05,True,-1.0,True,1.0,1.0,ce15.json,0,70340
776,cville,1350,Random,A,0.05,True,-1.0,True,1.0,1.0,ck7.json,0,50990
777,cville,1350,Random,A,0.05,True,-1.0,True,1.0,1.0,cj30.json,0,75672
778,cville,1350,Random,A,0.05,True,-1.0,True,1.0,1.0,ck20.json,0,65545
779,cville,1350,Random,A,0.05,True,-1.0,True,1.0,1.0,cj33.json,0,84791
780,cville,1350,Random,A,0.05,True,-1.0,True,1.0,1.0,ca25.json,0,58141
781,cville,1350,Random,A,0.05,True,-1.0,True,1.0,1.0,cf23.json,0,23793
782,cville,1350,Random,A,0.05,True,-1.0,True,1.0,1.0,cj5.json,0,56570
783,cville,1350,Random,A,0.05,True,-1.0,True,1.0,1.0,cn21.json,0,95084
784,cville,1350,Random,A,0.05,True,-1.0,True,1.0,1.0,cg9.json,0,37892
785,cville,1350,Random,A,0.05,True,-1.0,True,1.0,1.0,cc9.json,0,1015
786,cville,1350,Random,A,0.05,True,-1.0,True,1.0,1.0,ce24.json,0,61813
787,cville,1350,Random,A,0.05,True,-1.0,True,1.0,1.0,ck12.json,0,27712
788,cville,1350,Random,A,0.05,True,-1.0,True,1.0,1.0,ca7.json,0,8415
789,cville,1350,Random,A,0.05,True,-1.0,True,1.0,1.0,cp6.json,0,62292
790,cville,1350,Random,A,0.05,True,-1.0,True,1.0,1.0,cd19.json,0,23833
791,cville,1350,Random,A,0.05,True,-1.0,True,1.0,1.0,co8.json,0,4158
792,cville,1350,Random,A,0.05,True,-1.0,True,1.0,1.0,cp14.json,0,62680
793,cville,1350,Random,A,0.05,True,-1.0,True,1.0,1.0,ca20.json,0,20309
794,cville,1350,Random,A,0.05,True,-1.0,True,1.0,1.0,cj10.json,0,6970
795,cville,1350,Random,A,0.05,True,-1.0,True,1.0,1.0,cp39.json,0,72474
796,cville,1350,Random,A,0.05,True,-1.0,True,1.0,1.0,ch23.json,0,86704
797,cville,1350,Random,A,0.05,True,-1.0,True,1.0,1.0,co29.json,0,46540
798,cville,1350,Random,A,0.05,True,-1.0,True,1.0,1.0,cc31.json,0,20384
799,cville,1350,Random,A,0.05,True,-1.0,True,1.0,1.0,cn20.json,0,18017
800,cville,1350,Random,A,0.05,True,-1.0,True,1.0,1.0,ci11.json,0,75880
801,cville,1350,Random,A,0.05,True,-1.0,True,1.0,1.0,co5.json,0,8702
802,cville,1350,Random,A,0.05,True,-1.0,True,1.0,1.0,ck24.json,0,384
803,cville,1350,Random,A,0.05,True,-1.0,True,1.0,1.0,cc26.json,0,404
804,cville,1350,Random,A,0.05,True,-1.0,True,1.0,1.0,cg31.json,0,40943
805,cville,1350,Random,A,0.05,True,-1.0,True,1.0,1.0,cj16.json,0,47926
806,cville,1350,Random,A,0.05,True,-1.0,True,1.0,1.0,cc22.json,0,29189
807,cville,1350,Random,A,0.05,True,-1.0,True,1.0,1.0,cf21.json,0,12763
808,cville,1350,Random,A,0.05,True,-1.0,True,1.0,1.0,cg24.json,0,18384
809,cville,1350,Random,A,0.05,True,-1.0,True,1.0,1.0,cj29.json,0,60100
810,cville,1350,Random,A,0.05,True,-1.0,True,1.0,1.0,ca6.json,0,98142
811,cville,1350,Random,A,0.05,True,-1.0,True,1.0,1.0,co14.json,0,9860
812,cville,1350,Random,A,0.05,True,-1.0,True,1.0,1.0,ce21.json,0,80642
813,cville,1350,Random,A,0.05,True,-1.0,True,1.0,1.0,cl29.json,0,50612
814,cville,1350,Random,A,0.05,True,-1.0,True,1.0,1.0,cp31.json,0,23574
815,cville,1350,Random,A,0.05,True,-1.0,True,1.0,1.0,cf31.json,0,23524
816,cville,1350,Random,A,0.05,True,-1.0,True,1.0,1.0,cm16.json,0,69172
817,cville,1350,Random,A,0.05,True,-1.0,True,1.0,1.0,ce32.json,0,10916
818,cville,1350,Random,A,0.05,True,-1.0,True,1.0,1.0,cn18.json,0,4809
819,cville,1350,Random,A,0.05,True,-1.0,True,1.0,1.0,cc12.json,0,32201
820,cville,1350,Random,A,0.05,True,-1.0,True,1.0,1.0,cb5.json,0,53330
821,cville,1350,Random,A,0.05,True,-1.0,True,1.0,1.0,ck28.json,0,13456
822,cville,1350,Random,A,0.05,True,-1.0,True,1.0,1.0,ck5.json,0,56397
823,cville,1350,Random,A,0.05,True,-1.0,True,1.0,1.0,ca8.json,0,38765
824,cville,1350,Random,A,0.05,True,-1.0,True,1.0,1.0,cb10.json,0,34816
825,cville,1350,Random,A,0.05,True,-1.0,True,1.0,1.0,ce35.json,0,45106
826,cville,1350,Random,A,0.05,True,-1.0,True,1.0,1.0,co17.json,0,53932
827,cville,1350,Random,A,0.05,True,-1.0,True,1.0,1.0,cd9.json,0,17100
828,cville,1350,Random,A,0.05,True,-1.0,True,1.0,1.0,cg16.json,0,57091
829,cville,1350,Random,A,0.05,True,-1.0,True,1.0,1.0,cg22.json,0,21949
830,cville,1350,Random,A,0.05,True,-1.0,True,1.0,1.0,cp9.json,0,70080
831,cville,1350,Random,A,0.05,True,-1.0,True,1.0,1.0,cj32.json,0,37744
832,cville,1350,Random,A,0.05,True,-1.0,True,1.0,1.0,cp33.json,0,45543
833,cville,1350,Random,A,0.05,True,-1.0,True,1.0,1.0,cd28.json,0,92193
834,cville,1350,Random,A,0.05,True,-1.0,True,1.0,1.0,cg8.json,0,36187
835,cville,1350,Random,A,0.05,True,-1.0,True,1.0,1.0,ch18.json,0,7239
836,cville,1350,Random,A,0.05,True,-1.0,True,1.0,1.0,cj11.json,0,14489
837,cville,1350,Random,A,0.05,True,-1.0,True,1.0,1.0,cj22.json,0,58017
838,cville,1350,Random,A,0.05,True,-1.0,True,1.0,1.0,cp29.json,0,61877
839,cville,1350,Random,A,0.05,True,-1.0,True,1.0,1.0,ce27.json,0,43125
840,cville,1350,Random,A,0.05,True,-1.0,True,1.0,1.0,cj25.json,0,49922
841,cville,1350,Random,A,0.05,True,-1.0,True,1.0,1.0,cj7.json,0,94074
842,cville,1350,Random,A,0.05,True,-1.0,True,1.0,1.0,cb14.json,0,32049
843,cville,1350,Random,A,0.05,True,-1.0,True,1.0,1.0,cp7.json,0,37131
844,cville,1350,Random,A,0.05,True,-1.0,True,1.0,1.0,cb18.json,0,42944
845,cville,1350,Random,A,0.05,True,-1.0,True,1.0,1.0,cg23.json,0,73963
846,cville,1350,Random,A,0.05,True,-1.0,True,1.0,1.0,cd21.json,0,24285
847,cville,1350,Random,A,0.05,True,-1.0,True,1.0,1.0,cn22.json,0,37626
848,cville,1350,Random,A,0.05,True,-1.0,True,1.0,1.0,cj13.json,0,42808
849,cville,1350,Random,A,0.05,True,-1.0,True,1.0,1.0,cj31.json,0,88464
850,cville,1350,Random,A,0.05,True,-1.0,True,1.0,1.0,cl15.json,0,53871
851,cville,1350,Random,A,0.05,True,-1.0,True,1.0,1.0,cc27.json,0,19198
852,cville,1350,Random,A,0.05,True,-1.0,True,1.0,1.0,ca23.json,0,19758
853,cville,1350,Random,A,0.05,True,-1.0,True,1.0,1.0,cm28.json,0,15254
854,cville,1350,Random,A,0.05,True,-1.0,True,1.0,1.0,ce23.json,0,44238
855,cville,1350,Random,A,0.05,True,-1.0,True,1.0,1.0,cf24.json,0,1252
856,cville,1350,Random,A,0.05,True,-1.0,True,1.0,1.0,cc19.json,0,39764
857,cville,1350,Random,A,0.05,True,-1.0,True,1.0,1.0,cl9.json,0,77709
858,cville,1350,Random,A,0.05,True,-1.0,True,1.0,1.0,cc33.json,0,37441
859,cville,1350,Random,A,0.05,True,-1.0,True,1.0,1.0,cn13.json,0,92234
860,cville,1350,Random,A,0.05,True,-1.0,True,1.0,1.0,co27.json,0,53682
861,cville,1350,Random,A,0.05,True,-1.0,True,1.0,1.0,cg15.json,0,59494
862,cville,1350,Random,A,0.05,True,-1.0,True,1.0,1.0,cb6.json,0,81317
863,cville,1350,Random,A,0.05,True,-1.0,True,1.0,1.0,cm8.json,0,65215
864,cville,1350,Random,A,0.05,True,-1.0,True,1.0,1.0,cp15.json,0,78587
865,cville,1350,Random,A,0.05,True,-1.0,True,1.0,1.0,ch20.json,0,6949
866,cville,1350,Random,A,0.05,True,-1.0,True,1.0,1.0,cl26.json,0,55393
867,cville,1350,Random,A,0.05,True,-1.0,True,1.0,1.0,cf32.json,0,73553
868,cville,1350,Random,A,0.05,True,-1.0,True,1.0,1.0,ci31.json,0,6941
869,cville,1350,Random,A,0.05,True,-1.0,True,1.0,1.0,ch13.json,0,25934
870,cville,1350,Random,A,0.05,True,-1.0,True,1.0,1.0,co13.json,0,23386
871,cville,1350,Random,A,0.05,True,-1.0,True,1.0,1.0,ca21.json,0,61886
872,cville,1350,Random,A,0.05,True,-1.0,True,1.0,1.0,cb31.json,0,75745
873,cville,1350,Random,A,0.05,True,-1.0,True,1.0,1.0,cp37.json,0,83251
874,cville,1350,Random,A,0.05,True,-1.0,True,1.0,1.0,cm13.json,0,94456
875,cville,1350,Random,A,0.05,True,-1.0,True,1.0,1.0,cf8.json,0,53413
876,cville,1350,Random,A,0.05,True,-1.0,True,1.0,1.0,cp34.json,0,56800
877,cville,1350,Random,A,0.05,True,-1.0,True,1.0,1.0,cd7.json,0,97239
878,cville,1350,Random,A,0.05,True,-1.0,True,1.0,1.0,cg29.json,0,42318
879,cville,1350,Random,A,0.05,True,-1.0,True,1.0,1.0,ch5.json,0,70173
880,cville,1350,Random,A,0.05,True,-1.0,True,1.0,1.0,cm30.json,0,70390
881,cville,1350,Random,A,0.05,True,-1.0,True,1.0,1.0,ce10.json,0,52329
882,cville,1350,Random,A,0.05,True,-1.0,True,1.0,1.0,ce26.json,0,43088
883,cville,1350,Random,A,0.05,True,-1.0,True,1.0,1.0,ca22.json,0,39811
884,cville,1350,Random,A,0.05,True,-1.0,True,1.0,1.0,ci25.json,0,55479
885,cville,1350,Random,A,0.05,True,-1.0,True,1.0,1.0,ca26.json,0,85392
886,cville,1350,Random,A,0.05,True,-1.0,True,1.0,1.0,cn31.json,0,87369
887,cville,1350,Random,A,0.05,True,-1.0,True,1.0,1.0,cp19.json,0,19963
888,cville,1350,Random,A,0.05,True,-1.0,True,1.0,1.0,cg27.json,0,55123
889,cville,1350,Random,A,0.05,True,-1.0,True,1.0,1.0,cj9.json,0,92705
890,cville,1350,Random,A,0.05,True,-1.0,True,1.0,1.0,cf14.json,0,73477
891,cville,1350,Random,A,0.05,True,-1.0,True,1.0,1.0,cn23.json,0,14388
892,cville,1350,Random,A,0.05,True,-1.0,True,1.0,1.0,ci10.json,0,5569
893,cville,1350,Random,A,0.05,True,-1.0,True,1.0,1.0,cb17.json,0,69836
894,cville,1350,Random,A,0.05,True,-1.0,True,1.0,1.0,cd10.json,0,36586
895,cville,1350,Random,A,0.05,True,-1.0,True,1.0,1.0,cd16.json,0,12015
896,cville,1350,Random,A,0.05,True,-1.0,True,1.0,1.0,ch33.json,0,45002
897,cville,1350,Random,A,0.05,True,-1.0,True,1.0,1.0,cf27.json,0,6254
898,cville,1350,Random,A,0.05,True,-1.0,True,1.0,1.0,cl22.json,0,17144
899,cville,1350,Random,A,0.05,True,-1.0,True,1.0,1.0,cp23.json,0,24214
900,cville,1350,Random,A,0.05,True,-1.0,True,1.0,1.0,cl30.json,0,80719
901,cville,1350,Random,A,0.05,True,-1.0,True,1.0,1.0,cn17.json,0,71774
902,cville,1350,Random,A,0.05,True,-1.0,True,1.0,1.0,co20.json,0,6090
903,cville,1350,Random,A,0.05,True,-1.0,True,1.0,1.0,cp13.json,0,11637
904,cville,1350,Random,A,0.05,True,-1.0,True,1.0,1.0,cj14.json,0,22415
905,cville,1350,Random,A,0.05,True,-1.0,True,1.0,1.0,ch22.json,0,24071
906,cville,1350,Random,A,0.05,True,-1.0,True,1.0,1.0,ck22.json,0,58243
907,cville,1350,Random,A,0.05,True,-1.0,True,1.0,1.0,ce6.json,0,41240
908,cville,1350,Random,A,0.05,True,-1.0,True,1.0,1.0,cm21.json,0,83807
909,cville,1350,Random,A,0.05,True,-1.0,True,1.0,1.0,cj12.json,0,33434
910,cville,1350,Random,A,0.05,True,-1.0,True,1.0,1.0,ca32.json,0,69724
911,cville,1350,Random,A,0.05,True,-1.0,True,1.0,1.0,ch24.json,0,75697
912,cville,1350,Random,A,0.05,True,-1.0,True,1.0,1.0,ca13.json,0,28732
913,cville,1350,Random,A,0.05,True,-1.0,True,1.0,1.0,ch30.json,0,11314
914,cville,1350,Random,A,0.05,True,-1.0,True,1.0,1.0,cp21.json,0,23954
915,cville,1350,Random,A,0.05,True,-1.0,True,1.0,1.0,cd29.json,0,57108
916,cville,1350,Random,A,0.05,True,-1.0,True,1.0,1.0,ca9.json,0,87044
917,cville,1350,Random,A,0.05,True,-1.0,True,1.0,1.0,ca16.json,0,87505
918,cville,1350,Random,A,0.05,True,-1.0,True,1.0,1.0,cj6.json,0,36668
919,cville,1350,Random,A,0.05,True,-1.0,True,1.0,1.0,cf11.json,0,23061
920,cville,1350,Random,A,0.05,True,-1.0,True,1.0,1.0,cf6.json,0,79252
921,cville,1350,Random,A,0.05,True,-1.0,True,1.0,1.0,cb20.json,0,39749
922,cville,1350,Random,A,0.05,True,-1.0,True,1.0,1.0,ca28.json,0,16907
923,cville,1350,Random,A,0.05,True,-1.0,True,1.0,1.0,cc23.json,0,18777
924,cville,1350,Random,A,0.05,True,-1.0,True,1.0,1.0,cg13.json,0,93229
925,cville,1350,Random,A,0.05,True,-1.0,True,1.0,1.0,ce31.json,0,51745
926,cville,1350,Random,A,0.05,True,-1.0,True,1.0,1.0,co21.json,0,91865
927,cville,1350,Random,A,0.05,True,-1.0,True,1.0,1.0,ck9.json,0,81818
928,cville,1350,Random,A,0.05,True,-1.0,True,1.0,1.0,ch31.json,0,23624
929,cville,1350,Random,A,0.05,True,-1.0,True,1.0,1.0,co26.json,0,23321
930,cville,1350,Random,A,0.05,True,-1.0,True,1.0,1.0,cc24.json,0,10488
931,cville,1350,Random,A,0.05,True,-1.0,True,1.0,1.0,cc21.json,0,22574
932,cville,1350,Random,A,0.05,True,-1.0,True,1.0,1.0,cn5.json,0,5240
933,cville,1350,Random,A,0.05,True,-1.0,True,1.0,1.0,cl27.json,0,43221
934,cville,1350,Random,A,0.05,True,-1.0,True,1.0,1.0,ce18.json,0,10478
935,cville,1350,Random,A,0.05,True,-1.0,True,1.0,1.0,cp8.json,0,55645
936,cville,1350,Random,A,0.05,True,-1.0,True,1.0,1.0,cb11.json,0,19262
937,cville,1350,Random,A,0.05,True,-1.0,True,1.0,1.0,cg25.json,0,52796
938,cville,1350,Random,A,0.05,True,-1.0,True,1.0,1.0,ch25.json,0,4432
939,cville,1350,Random,A,0.05,True,-1.0,True,1.0,1.0,cp32.json,0,95257
940,cville,1350,Random,A,0.05,True,-1.0,True,1.0,1.0,ca12.json,0,64291
941,cville,1350,Random,A,0.05,True,-1.0,True,1.0,1.0,cg28.json,0,79104
942,cville,1350,Random,A,0.05,True,-1.0,True,1.0,1.0,ci23.json,0,59399
943,cville,1350,Random,A,0.05,True,-1.0,True,1.0,1.0,co6.json,0,79714
944,cville,1350,Random,A,0.05,True,-1.0,True,1.0,1.0,cc37.json,0,50428
945,cville,1350,Random,A,0.05,True,-1.0,True,1.0,1.0,co10.json,0,87731
946,cville,1350,Random,A,0.05,True,-1.0,True,1.0,1.0,cd18.json,0,302
947,cville,1350,Random,A,0.05,True,-1.0,True,1.0,1.0,cg30.json,0,82558
948,cville,1350,Random,A,0.05,True,-1.0,True,1.0,1.0,co18.json,0,55
949,cville,1350,Random,A,0.05,True,-1.0,True,1.0,1.0,ch6.json,0,8717
950,cville,1350,Random,A,0.05,True,-1.0,True,1.0,1.0,cp17.json,0,28699
951,cville,1350,Random,A,0.05,True,-1.0,True,1.0,1.0,cc8.json,0,73686
952,cville,1350,Random,A,0.05,True,-1.0,True,1.0,1.0,cd23.json,0,67661
953,cville,1350,Random,A,0.05,True,-1.0,True,1.0,1.0,ch9.json,0,44247
954,cville,1350,Random,A,0.05,True,-1.0,True,1.0,1.0,cc11.json,0,16748
955,cville,1350,Random,A,0.05,True,-1.0,True,1.0,1.0,ca11.json,0,4621
956,cville,1350,Random,A,0.05,True,-1.0,True,1.0,1.0,ck15.json,0,15034
957,cville,1350,Random,A,0.05,True,-1.0,True,1.0,1.0,ci20.json,0,5126
958,cville,1350,Random,A,0.05,True,-1.0,True,1.0,1.0,cc6.json,0,5122
959,cville,1350,Random,A,0.05,True,-1.0,True,1.0,1.0,cm7.json,0,18030
960,cville,1350,Random,A,0.05,True,-1.0,True,1.0,1.0,cl16.json,0,82838
961,cville,1350,Random,A,0.05,True,-1.0,True,1.0,1.0,cd20.json,0,84717
962,cville,1350,Random,A,0.05,True,-1.0,True,1.0,1.0,cm19.json,0,55658
963,cville,1350,Random,A,0.05,True,-1.0,True,1.0,1.0,cd13.json,0,38638
